"","x"
"1","0"
"2","5"
"3","8"
"4","2"
"5","5"
"6","2"
"7","2"
"8","5"
"9","0"
"10","1"
"11","0"
"12","6"
"13","12"
"14","0"
"15","2"
"16","4"
"17","2"
"18","2"
"19","0"
"20","0"
"21","5"
"22","0"
"23","0"
"24","0"
"25","2"
"26","4"
"27","2"
"28","6"
"29","0"
"30","1"
"31","4"
"32","4"
"33","5"
"34","0"
"35","5"
"36","4"
"37","0"
"38","12"
"39","0"
"40","0"
"41","0"
"42","11"
"43","1"
"44","2"
"45","4"
"46","1"
"47","1"
"48","5"
"49","0"
"50","0"
"51","1"
"52","6"
"53","12"
"54","3"
"55","0"
"56","9"
"57","0"
"58","1"
"59","0"
"60","7"
"61","2"
"62","1"
"63","1"
"64","0"
"65","0"
"66","0"
"67","9"
"68","0"
"69","4"
"70","1"
"71","3"
"72","12"
"73","3"
"74","3"
"75","4"
"76","2"
"77","2"
"78","1"
"79","2"
"80","10"
"81","2"
"82","1"
"83","1"
"84","3"
"85","2"
"86","0"
"87","0"
"88","8"
"89","2"
"90","7"
"91","0"
"92","3"
"93","0"
"94","2"
"95","3"
"96","0"
"97","2"
"98","5"
"99","0"
"100","2"
"101","0"
"102","1"
"103","1"
"104","3"
"105","10"
"106","8"
"107","1"
"108","12"
"109","0"
"110","10"
"111","2"
"112","0"
"113","0"
"114","0"
"115","0"
"116","2"
"117","3"
"118","1"
"119","2"
"120","4"
"121","1"
"122","0"
"123","3"
"124","7"
"125","5"
"126","1"
"127","3"
"128","1"
"129","4"
"130","7"
"131","0"
"132","3"
"133","6"
"134","1"
"135","1"
"136","0"
"137","0"
"138","1"
"139","1"
"140","0"
"141","0"
"142","2"
"143","0"
"144","1"
"145","1"
"146","1"
"147","2"
"148","1"
"149","0"
"150","6"
"151","0"
"152","1"
"153","4"
"154","0"
"155","2"
"156","4"
"157","3"
"158","3"
"159","4"
"160","0"
"161","2"
"162","0"
"163","2"
"164","5"
"165","0"
"166","4"
"167","11"
"168","5"
"169","1"
"170","9"
"171","1"
"172","3"
"173","0"
"174","0"
"175","13"
"176","0"
"177","3"
"178","2"
"179","2"
"180","0"
"181","1"
"182","0"
"183","2"
"184","6"
"185","0"
"186","2"
"187","6"
"188","0"
"189","2"
"190","10"
"191","7"
"192","0"
"193","3"
"194","7"
"195","0"
"196","1"
"197","4"
"198","1"
"199","3"
"200","2"
"201","1"
"202","8"
"203","0"
"204","2"
"205","13"
"206","0"
"207","0"
"208","1"
"209","0"
"210","2"
"211","0"
"212","0"
"213","8"
"214","13"
"215","1"
"216","0"
"217","0"
"218","11"
"219","5"
"220","0"
"221","1"
"222","5"
"223","1"
"224","2"
"225","5"
"226","3"
"227","12"
"228","0"
"229","4"
"230","0"
"231","1"
"232","2"
"233","0"
"234","2"
"235","0"
"236","2"
"237","1"
"238","1"
"239","2"
"240","3"
"241","0"
"242","0"
"243","2"
"244","4"
"245","6"
"246","2"
"247","2"
"248","1"
"249","6"
"250","3"
"251","8"
"252","0"
"253","3"
"254","0"
"255","11"
"256","2"
"257","1"
"258","0"
"259","1"
"260","1"
"261","1"
"262","0"
"263","3"
"264","0"
"265","0"
"266","0"
"267","1"
"268","2"
"269","3"
"270","0"
"271","5"
"272","8"
"273","1"
"274","3"
"275","0"
"276","1"
"277","1"
"278","4"
"279","1"
"280","1"
"281","1"
"282","1"
"283","3"
"284","2"
"285","0"
"286","0"
"287","1"
"288","1"
"289","0"
"290","1"
"291","0"
"292","2"
"293","1"
"294","7"
"295","0"
"296","1"
"297","0"
"298","11"
"299","0"
"300","10"
"301","1"
"302","2"
"303","0"
"304","12"
"305","0"
"306","2"
"307","2"
"308","9"
"309","2"
"310","3"
"311","2"
"312","4"
"313","1"
"314","1"
"315","0"
"316","1"
"317","0"
"318","1"
"319","1"
"320","0"
"321","1"
"322","1"
"323","1"
"324","6"
"325","0"
"326","1"
"327","0"
"328","3"
"329","2"
"330","2"
"331","11"
"332","3"
"333","1"
"334","5"
"335","1"
"336","1"
"337","2"
"338","3"
"339","2"
"340","9"
"341","0"
"342","3"
"343","5"
"344","0"
"345","0"
"346","5"
"347","1"
"348","3"
"349","1"
"350","1"
"351","1"
"352","0"
"353","3"
"354","3"
"355","1"
"356","4"
"357","1"
"358","5"
"359","0"
"360","3"
"361","6"
"362","2"
"363","4"
"364","3"
"365","5"
"366","3"
"367","1"
"368","2"
"369","3"
"370","0"
"371","0"
"372","0"
"373","1"
"374","1"
"375","13"
"376","2"
"377","3"
"378","3"
"379","3"
"380","3"
"381","0"
"382","0"
"383","6"
"384","0"
"385","11"
"386","2"
"387","1"
"388","1"
"389","3"
"390","0"
"391","3"
"392","1"
"393","1"
"394","2"
"395","2"
"396","1"
"397","5"
"398","10"
"399","4"
"400","0"
"401","1"
"402","1"
"403","3"
"404","1"
"405","4"
"406","2"
"407","0"
"408","3"
"409","0"
"410","2"
"411","3"
"412","0"
"413","0"
"414","3"
"415","0"
"416","1"
"417","0"
"418","2"
"419","3"
"420","5"
"421","1"
"422","1"
"423","13"
"424","1"
"425","1"
"426","2"
"427","1"
"428","0"
"429","13"
"430","3"
"431","0"
"432","3"
"433","0"
"434","1"
"435","1"
"436","6"
"437","0"
"438","0"
"439","8"
"440","0"
"441","3"
"442","1"
"443","10"
"444","5"
"445","5"
"446","6"
"447","6"
"448","0"
"449","0"
"450","1"
"451","1"
"452","0"
"453","6"
"454","1"
"455","0"
"456","1"
"457","3"
"458","4"
"459","0"
"460","3"
"461","11"
"462","5"
"463","3"
"464","0"
"465","0"
"466","0"
"467","3"
"468","10"
"469","3"
"470","3"
"471","3"
"472","1"
"473","7"
"474","11"
"475","5"
"476","0"
"477","1"
"478","10"
"479","1"
"480","11"
"481","1"
"482","0"
"483","2"
"484","1"
"485","2"
"486","2"
"487","1"
"488","0"
"489","3"
"490","1"
"491","3"
"492","3"
"493","0"
"494","1"
"495","1"
"496","0"
"497","8"
"498","2"
"499","0"
"500","1"
"501","2"
"502","0"
"503","2"
"504","1"
"505","1"
"506","0"
"507","2"
"508","0"
"509","1"
"510","0"
"511","0"
"512","1"
"513","3"
"514","10"
"515","7"
"516","1"
"517","1"
"518","3"
"519","10"
"520","0"
"521","3"
"522","0"
"523","0"
"524","0"
"525","0"
"526","1"
"527","3"
"528","1"
"529","0"
"530","2"
"531","2"
"532","7"
"533","0"
"534","2"
"535","13"
"536","4"
"537","0"
"538","1"
"539","1"
"540","11"
"541","0"
"542","2"
"543","0"
"544","12"
"545","2"
"546","1"
"547","1"
"548","1"
"549","8"
"550","5"
"551","11"
"552","0"
"553","1"
"554","3"
"555","2"
"556","0"
"557","2"
"558","4"
"559","0"
"560","9"
"561","8"
"562","5"
"563","0"
"564","0"
"565","0"
"566","0"
"567","0"
"568","2"
"569","13"
"570","1"
"571","8"
"572","0"
"573","6"
"574","2"
"575","1"
"576","2"
"577","0"
"578","4"
"579","3"
"580","7"
"581","1"
"582","1"
"583","0"
"584","5"
"585","1"
"586","0"
"587","1"
"588","7"
"589","0"
"590","3"
"591","0"
"592","3"
"593","3"
"594","8"
"595","8"
"596","0"
"597","2"
"598","8"
"599","9"
"600","1"
"601","1"
"602","8"
"603","8"
"604","2"
"605","0"
"606","0"
"607","2"
"608","3"
"609","3"
"610","3"
"611","3"
"612","0"
"613","3"
"614","0"
"615","3"
"616","2"
"617","1"
"618","5"
"619","0"
"620","5"
"621","3"
"622","3"
"623","10"
"624","11"
"625","3"
"626","1"
"627","1"
"628","2"
"629","8"
"630","2"
"631","2"
"632","2"
"633","1"
"634","2"
"635","1"
"636","3"
"637","4"
"638","2"
"639","4"
"640","10"
"641","7"
"642","2"
"643","2"
"644","4"
"645","0"
"646","0"
"647","0"
"648","0"
"649","3"
"650","5"
"651","1"
"652","2"
"653","1"
"654","4"
"655","1"
"656","2"
"657","7"
"658","3"
"659","5"
"660","10"
"661","0"
"662","4"
"663","2"
"664","2"
"665","0"
"666","0"
"667","2"
"668","1"
"669","2"
"670","10"
"671","7"
"672","2"
"673","4"
"674","0"
"675","0"
"676","2"
"677","7"
"678","2"
"679","8"
"680","1"
"681","4"
"682","12"
"683","2"
"684","2"
"685","1"
"686","10"
"687","0"
"688","4"
"689","2"
"690","1"
"691","1"
"692","2"
"693","0"
"694","1"
"695","2"
"696","1"
"697","0"
"698","1"
"699","0"
"700","0"
"701","2"
"702","7"
"703","1"
"704","6"
"705","8"
"706","8"
"707","4"
"708","2"
"709","0"
"710","0"
"711","5"
"712","2"
"713","5"
"714","1"
"715","2"
"716","3"
"717","2"
"718","5"
"719","2"
"720","7"
"721","1"
"722","1"
"723","0"
"724","3"
"725","4"
"726","2"
"727","0"
"728","0"
"729","0"
"730","4"
"731","0"
"732","1"
"733","0"
"734","2"
"735","1"
"736","0"
"737","2"
"738","2"
"739","4"
"740","1"
"741","7"
"742","0"
"743","0"
"744","2"
"745","0"
"746","2"
"747","1"
"748","2"
"749","12"
"750","3"
"751","2"
"752","2"
"753","3"
"754","0"
"755","2"
"756","0"
"757","3"
"758","2"
"759","0"
"760","5"
"761","4"
"762","7"
"763","3"
"764","4"
"765","0"
"766","0"
"767","0"
"768","2"
"769","0"
"770","0"
"771","0"
"772","2"
"773","0"
"774","2"
"775","0"
"776","0"
"777","1"
"778","0"
"779","4"
"780","2"
"781","5"
"782","10"
"783","4"
"784","2"
"785","0"
"786","0"
"787","2"
"788","0"
"789","1"
"790","2"
"791","9"
"792","5"
"793","7"
"794","1"
"795","2"
"796","4"
"797","6"
"798","2"
"799","2"
"800","2"
"801","1"
"802","0"
"803","1"
"804","0"
"805","0"
"806","1"
"807","2"
"808","0"
"809","4"
"810","2"
"811","0"
"812","2"
"813","0"
"814","3"
"815","0"
"816","3"
"817","4"
"818","2"
"819","2"
"820","0"
"821","4"
"822","1"
"823","7"
"824","7"
"825","0"
"826","0"
"827","12"
"828","0"
"829","3"
"830","3"
"831","0"
"832","1"
"833","2"
"834","3"
"835","0"
"836","3"
"837","3"
"838","2"
"839","2"
"840","3"
"841","1"
"842","0"
"843","1"
"844","1"
"845","2"
"846","0"
"847","10"
"848","11"
"849","1"
"850","5"
"851","3"
"852","0"
"853","0"
"854","0"
"855","0"
"856","2"
"857","0"
"858","1"
"859","3"
"860","1"
"861","3"
"862","1"
"863","0"
"864","11"
"865","1"
"866","0"
"867","2"
"868","5"
"869","2"
"870","5"
"871","0"
"872","11"
"873","0"
"874","1"
"875","0"
"876","10"
"877","0"
"878","0"
"879","1"
"880","1"
"881","0"
"882","2"
"883","0"
"884","0"
"885","1"
"886","1"
"887","0"
"888","3"
"889","3"
"890","4"
"891","3"
"892","9"
"893","2"
"894","0"
"895","0"
"896","2"
"897","3"
"898","1"
"899","2"
"900","0"
"901","0"
"902","3"
"903","9"
"904","0"
"905","5"
"906","3"
"907","2"
"908","1"
"909","1"
"910","0"
"911","0"
"912","1"
"913","6"
"914","3"
"915","0"
"916","5"
"917","2"
"918","5"
"919","3"
"920","1"
"921","2"
"922","1"
"923","2"
"924","3"
"925","3"
"926","0"
"927","2"
"928","1"
"929","9"
"930","3"
"931","1"
"932","6"
"933","0"
"934","3"
"935","1"
"936","3"
"937","1"
"938","2"
"939","0"
"940","0"
"941","5"
"942","8"
"943","3"
"944","2"
"945","0"
"946","12"
"947","1"
"948","0"
"949","2"
"950","0"
"951","9"
"952","6"
"953","2"
"954","1"
"955","1"
"956","4"
"957","9"
"958","2"
"959","8"
"960","0"
"961","1"
"962","2"
"963","4"
"964","0"
"965","1"
"966","1"
"967","1"
"968","1"
"969","1"
"970","1"
"971","12"
"972","0"
"973","9"
"974","1"
"975","0"
"976","3"
"977","1"
"978","4"
"979","6"
"980","1"
"981","2"
"982","1"
"983","0"
"984","3"
"985","0"
"986","3"
"987","5"
"988","0"
"989","3"
"990","1"
"991","0"
"992","1"
"993","0"
"994","12"
"995","9"
"996","1"
"997","0"
"998","2"
"999","0"
"1000","0"
"1001","1"
"1002","0"
"1003","3"
"1004","4"
"1005","0"
"1006","0"
"1007","11"
"1008","0"
"1009","1"
"1010","2"
"1011","5"
"1012","2"
"1013","1"
"1014","0"
"1015","6"
"1016","1"
"1017","0"
"1018","0"
"1019","0"
"1020","3"
"1021","10"
"1022","10"
"1023","4"
"1024","1"
"1025","4"
"1026","0"
"1027","2"
"1028","13"
"1029","0"
"1030","3"
"1031","4"
"1032","1"
"1033","0"
"1034","4"
"1035","5"
"1036","3"
"1037","0"
"1038","0"
"1039","3"
"1040","0"
"1041","0"
"1042","4"
"1043","3"
"1044","2"
"1045","1"
"1046","10"
"1047","3"
"1048","2"
"1049","3"
"1050","3"
"1051","4"
"1052","1"
"1053","2"
"1054","5"
"1055","3"
"1056","7"
"1057","4"
"1058","1"
"1059","2"
"1060","0"
"1061","1"
"1062","3"
"1063","12"
"1064","1"
"1065","1"
"1066","0"
"1067","0"
"1068","3"
"1069","1"
"1070","4"
"1071","1"
"1072","1"
"1073","0"
"1074","3"
"1075","0"
"1076","3"
"1077","0"
"1078","3"
"1079","0"
"1080","1"
"1081","2"
"1082","1"
"1083","1"
"1084","0"
"1085","2"
"1086","1"
"1087","0"
"1088","1"
"1089","3"
"1090","1"
"1091","0"
"1092","2"
"1093","1"
"1094","1"
"1095","1"
"1096","2"
"1097","1"
"1098","1"
"1099","11"
"1100","4"
"1101","0"
"1102","1"
"1103","3"
"1104","1"
"1105","9"
"1106","3"
"1107","3"
"1108","4"
"1109","5"
"1110","6"
"1111","1"
"1112","2"
"1113","0"
"1114","1"
"1115","1"
"1116","5"
"1117","0"
"1118","10"
"1119","1"
"1120","3"
"1121","5"
"1122","3"
"1123","5"
"1124","1"
"1125","2"
"1126","2"
"1127","1"
"1128","4"
"1129","6"
"1130","2"
"1131","1"
"1132","0"
"1133","2"
"1134","5"
"1135","1"
"1136","2"
"1137","0"
"1138","3"
"1139","0"
"1140","0"
"1141","9"
"1142","3"
"1143","7"
"1144","3"
"1145","4"
"1146","2"
"1147","1"
"1148","3"
"1149","1"
"1150","3"
"1151","2"
"1152","0"
"1153","3"
"1154","6"
"1155","2"
"1156","0"
"1157","0"
"1158","3"
"1159","7"
"1160","1"
"1161","3"
"1162","3"
"1163","0"
"1164","1"
"1165","0"
"1166","3"
"1167","0"
"1168","2"
"1169","2"
"1170","2"
"1171","8"
"1172","0"
"1173","1"
"1174","0"
"1175","1"
"1176","4"
"1177","9"
"1178","6"
"1179","0"
"1180","3"
"1181","3"
"1182","0"
"1183","3"
"1184","0"
"1185","3"
"1186","5"
"1187","0"
"1188","0"
"1189","2"
"1190","0"
"1191","3"
"1192","3"
"1193","0"
"1194","8"
"1195","8"
"1196","1"
"1197","3"
"1198","0"
"1199","5"
"1200","2"
"1201","2"
"1202","1"
"1203","0"
"1204","4"
"1205","2"
"1206","1"
"1207","1"
"1208","0"
"1209","4"
"1210","0"
"1211","2"
"1212","3"
"1213","0"
"1214","2"
"1215","3"
"1216","1"
"1217","3"
"1218","2"
"1219","1"
"1220","2"
"1221","1"
"1222","1"
"1223","2"
"1224","1"
"1225","2"
"1226","3"
"1227","1"
"1228","0"
"1229","3"
"1230","10"
"1231","0"
"1232","1"
"1233","12"
"1234","2"
"1235","0"
"1236","2"
"1237","2"
"1238","3"
"1239","0"
"1240","3"
"1241","1"
"1242","3"
"1243","2"
"1244","1"
"1245","1"
"1246","11"
"1247","6"
"1248","1"
"1249","0"
"1250","2"
"1251","3"
"1252","1"
"1253","3"
"1254","3"
"1255","0"
"1256","3"
"1257","0"
"1258","3"
"1259","0"
"1260","4"
"1261","3"
"1262","5"
"1263","8"
"1264","0"
"1265","0"
"1266","3"
"1267","2"
"1268","3"
"1269","1"
"1270","1"
"1271","1"
"1272","2"
"1273","8"
"1274","0"
"1275","1"
"1276","1"
"1277","6"
"1278","2"
"1279","3"
"1280","8"
"1281","3"
"1282","9"
"1283","5"
"1284","0"
"1285","3"
"1286","6"
"1287","0"
"1288","0"
"1289","2"
"1290","4"
"1291","0"
"1292","1"
"1293","2"
"1294","8"
"1295","3"
"1296","1"
"1297","8"
"1298","1"
"1299","0"
"1300","8"
"1301","3"
"1302","2"
"1303","3"
"1304","0"
"1305","3"
"1306","1"
"1307","0"
"1308","10"
"1309","0"
"1310","0"
"1311","3"
"1312","0"
"1313","0"
"1314","0"
"1315","0"
"1316","6"
"1317","2"
"1318","1"
"1319","4"
"1320","0"
"1321","3"
"1322","5"
"1323","3"
"1324","0"
"1325","0"
"1326","2"
"1327","1"
"1328","2"
"1329","5"
"1330","0"
"1331","2"
"1332","11"
"1333","5"
"1334","0"
"1335","5"
"1336","4"
"1337","4"
"1338","2"
"1339","4"
"1340","5"
"1341","2"
"1342","2"
"1343","2"
"1344","2"
"1345","5"
"1346","2"
"1347","5"
"1348","0"
"1349","0"
"1350","0"
"1351","7"
"1352","2"
"1353","1"
"1354","0"
"1355","4"
"1356","0"
"1357","2"
"1358","0"
"1359","0"
"1360","7"
"1361","0"
"1362","0"
"1363","4"
"1364","2"
"1365","0"
"1366","2"
"1367","5"
"1368","0"
"1369","5"
"1370","1"
"1371","4"
"1372","4"
"1373","4"
"1374","3"
"1375","1"
"1376","4"
"1377","2"
"1378","0"
"1379","0"
"1380","7"
"1381","2"
"1382","0"
"1383","5"
"1384","2"
"1385","0"
"1386","3"
"1387","1"
"1388","2"
"1389","0"
"1390","0"
"1391","13"
"1392","2"
"1393","5"
"1394","4"
"1395","6"
"1396","0"
"1397","2"
"1398","3"
"1399","2"
"1400","3"
"1401","2"
"1402","0"
"1403","8"
"1404","2"
"1405","0"
"1406","6"
"1407","9"
"1408","11"
"1409","0"
"1410","8"
"1411","4"
"1412","4"
"1413","3"
"1414","2"
"1415","1"
"1416","1"
"1417","2"
"1418","2"
"1419","5"
"1420","0"
"1421","0"
"1422","4"
"1423","0"
"1424","5"
"1425","5"
"1426","0"
"1427","2"
"1428","0"
"1429","12"
"1430","2"
"1431","5"
"1432","11"
"1433","3"
"1434","3"
"1435","0"
"1436","3"
"1437","2"
"1438","4"
"1439","2"
"1440","5"
"1441","3"
"1442","4"
"1443","4"
"1444","4"
"1445","1"
"1446","0"
"1447","0"
"1448","0"
"1449","4"
"1450","4"
"1451","0"
"1452","1"
"1453","6"
"1454","0"
"1455","0"
"1456","2"
"1457","4"
"1458","0"
"1459","5"
"1460","0"
"1461","0"
"1462","3"
"1463","0"
"1464","0"
"1465","0"
"1466","2"
"1467","0"
"1468","0"
"1469","1"
"1470","1"
"1471","0"
"1472","4"
"1473","11"
"1474","0"
"1475","9"
"1476","1"
"1477","2"
"1478","0"
"1479","3"
"1480","0"
"1481","2"
"1482","12"
"1483","0"
"1484","3"
"1485","10"
"1486","2"
"1487","0"
"1488","9"
"1489","2"
"1490","0"
"1491","1"
"1492","1"
"1493","1"
"1494","0"
"1495","0"
"1496","1"
"1497","1"
"1498","0"
"1499","3"
"1500","1"
"1501","2"
"1502","4"
"1503","3"
"1504","0"
"1505","0"
"1506","6"
"1507","0"
"1508","0"
"1509","3"
"1510","0"
"1511","5"
"1512","4"
"1513","0"
"1514","0"
"1515","3"
"1516","0"
"1517","2"
"1518","2"
"1519","0"
"1520","5"
"1521","5"
"1522","0"
"1523","0"
"1524","1"
"1525","0"
"1526","0"
"1527","2"
"1528","2"
"1529","0"
"1530","2"
"1531","1"
"1532","4"
"1533","1"
"1534","3"
"1535","1"
"1536","3"
"1537","7"
"1538","1"
"1539","6"
"1540","1"
"1541","2"
"1542","2"
"1543","4"
"1544","0"
"1545","1"
"1546","2"
"1547","1"
"1548","2"
"1549","0"
"1550","9"
"1551","8"
"1552","2"
"1553","2"
"1554","0"
"1555","0"
"1556","3"
"1557","0"
"1558","0"
"1559","0"
"1560","2"
"1561","1"
"1562","3"
"1563","0"
"1564","1"
"1565","4"
"1566","1"
"1567","0"
"1568","1"
"1569","2"
"1570","4"
"1571","0"
"1572","13"
"1573","2"
"1574","2"
"1575","0"
"1576","3"
"1577","0"
"1578","2"
"1579","1"
"1580","3"
"1581","4"
"1582","3"
"1583","4"
"1584","0"
"1585","0"
"1586","1"
"1587","2"
"1588","3"
"1589","3"
"1590","8"
"1591","3"
"1592","0"
"1593","2"
"1594","1"
"1595","7"
"1596","0"
"1597","1"
"1598","1"
"1599","1"
"1600","5"
"1601","0"
"1602","1"
"1603","1"
"1604","5"
"1605","2"
"1606","3"
"1607","3"
"1608","10"
"1609","0"
"1610","1"
"1611","2"
"1612","0"
"1613","6"
"1614","12"
"1615","3"
"1616","0"
"1617","0"
"1618","0"
"1619","2"
"1620","1"
"1621","0"
"1622","1"
"1623","2"
"1624","3"
"1625","1"
"1626","3"
"1627","2"
"1628","3"
"1629","3"
"1630","3"
"1631","3"
"1632","0"
"1633","2"
"1634","0"
"1635","2"
"1636","3"
"1637","0"
"1638","3"
"1639","3"
"1640","2"
"1641","12"
"1642","3"
"1643","1"
"1644","0"
"1645","0"
"1646","4"
"1647","1"
"1648","6"
"1649","1"
"1650","2"
"1651","4"
"1652","3"
"1653","1"
"1654","1"
"1655","3"
"1656","4"
"1657","0"
"1658","3"
"1659","5"
"1660","4"
"1661","1"
"1662","9"
"1663","2"
"1664","1"
"1665","0"
"1666","4"
"1667","5"
"1668","1"
"1669","3"
"1670","0"
"1671","0"
"1672","0"
"1673","2"
"1674","3"
"1675","5"
"1676","1"
"1677","4"
"1678","7"
"1679","3"
"1680","0"
"1681","1"
"1682","0"
"1683","0"
"1684","3"
"1685","0"
"1686","6"
"1687","0"
"1688","6"
"1689","3"
"1690","0"
"1691","7"
"1692","3"
"1693","9"
"1694","3"
"1695","2"
"1696","3"
"1697","2"
"1698","3"
"1699","2"
"1700","7"
"1701","3"
"1702","0"
"1703","0"
"1704","7"
"1705","0"
"1706","1"
"1707","3"
"1708","0"
"1709","3"
"1710","13"
"1711","8"
"1712","1"
"1713","1"
"1714","5"
"1715","2"
"1716","10"
"1717","0"
"1718","1"
"1719","3"
"1720","3"
"1721","2"
"1722","2"
"1723","4"
"1724","2"
"1725","10"
"1726","3"
"1727","0"
"1728","0"
"1729","3"
"1730","6"
"1731","9"
"1732","0"
"1733","4"
"1734","0"
"1735","0"
"1736","2"
"1737","0"
"1738","2"
"1739","2"
"1740","7"
"1741","4"
"1742","3"
"1743","1"
"1744","0"
"1745","4"
"1746","0"
"1747","0"
"1748","0"
"1749","0"
"1750","7"
"1751","11"
"1752","10"
"1753","1"
"1754","2"
"1755","1"
"1756","0"
"1757","3"
"1758","2"
"1759","2"
"1760","0"
"1761","0"
"1762","3"
"1763","1"
"1764","1"
"1765","4"
"1766","1"
"1767","2"
"1768","2"
"1769","2"
"1770","0"
"1771","4"
"1772","11"
"1773","0"
"1774","0"
"1775","9"
"1776","1"
"1777","9"
"1778","1"
"1779","0"
"1780","3"
"1781","2"
"1782","1"
"1783","1"
"1784","1"
"1785","6"
"1786","1"
"1787","5"
"1788","4"
"1789","0"
"1790","7"
"1791","13"
"1792","4"
"1793","2"
"1794","2"
"1795","1"
"1796","6"
"1797","3"
"1798","0"
"1799","0"
"1800","0"
"1801","4"
"1802","9"
"1803","5"
"1804","3"
"1805","3"
"1806","3"
"1807","1"
"1808","0"
"1809","1"
"1810","5"
"1811","13"
"1812","3"
"1813","1"
"1814","0"
"1815","5"
"1816","0"
"1817","10"
"1818","0"
"1819","2"
"1820","4"
"1821","1"
"1822","1"
"1823","5"
"1824","3"
"1825","2"
"1826","1"
"1827","3"
"1828","7"
"1829","3"
"1830","7"
"1831","6"
"1832","3"
"1833","0"
"1834","2"
"1835","4"
"1836","1"
"1837","3"
"1838","5"
"1839","13"
"1840","3"
"1841","1"
"1842","2"
"1843","1"
"1844","1"
"1845","1"
"1846","1"
"1847","0"
"1848","9"
"1849","5"
"1850","1"
"1851","9"
"1852","0"
"1853","4"
"1854","2"
"1855","10"
"1856","1"
"1857","3"
"1858","3"
"1859","1"
"1860","1"
"1861","0"
"1862","3"
"1863","10"
"1864","3"
"1865","1"
"1866","0"
"1867","3"
"1868","0"
"1869","5"
"1870","10"
"1871","3"
"1872","1"
"1873","4"
"1874","0"
"1875","1"
"1876","0"
"1877","1"
"1878","8"
"1879","1"
"1880","0"
"1881","1"
"1882","0"
"1883","1"
"1884","3"
"1885","4"
"1886","2"
"1887","2"
"1888","2"
"1889","8"
"1890","2"
"1891","1"
"1892","1"
"1893","5"
"1894","3"
"1895","13"
"1896","1"
"1897","3"
"1898","4"
"1899","3"
"1900","0"
"1901","1"
"1902","3"
"1903","3"
"1904","9"
"1905","1"
"1906","0"
"1907","0"
"1908","1"
"1909","1"
"1910","4"
"1911","0"
"1912","0"
"1913","4"
"1914","0"
"1915","1"
"1916","3"
"1917","4"
"1918","0"
"1919","1"
"1920","3"
"1921","5"
"1922","3"
"1923","1"
"1924","2"
"1925","2"
"1926","3"
"1927","2"
"1928","1"
"1929","3"
"1930","3"
"1931","2"
"1932","0"
"1933","1"
"1934","3"
"1935","3"
"1936","2"
"1937","0"
"1938","0"
"1939","3"
"1940","3"
"1941","7"
"1942","3"
"1943","2"
"1944","1"
"1945","2"
"1946","12"
"1947","3"
"1948","0"
"1949","2"
"1950","5"
"1951","1"
"1952","1"
"1953","0"
"1954","0"
"1955","3"
"1956","1"
"1957","10"
"1958","0"
"1959","1"
"1960","1"
"1961","0"
"1962","0"
"1963","3"
"1964","3"
"1965","3"
"1966","0"
"1967","0"
"1968","0"
"1969","4"
"1970","11"
"1971","1"
"1972","10"
"1973","2"
"1974","9"
"1975","1"
"1976","2"
"1977","1"
"1978","2"
"1979","3"
"1980","3"
"1981","3"
"1982","7"
"1983","9"
"1984","2"
"1985","8"
"1986","0"
"1987","3"
"1988","0"
"1989","0"
"1990","2"
"1991","11"
"1992","3"
"1993","0"
"1994","0"
"1995","13"
"1996","3"
"1997","3"
"1998","3"
"1999","6"
"2000","2"
"2001","1"
"2002","2"
"2003","1"
"2004","0"
"2005","1"
"2006","5"
"2007","2"
"2008","5"
"2009","2"
"2010","0"
"2011","2"
"2012","4"
"2013","3"
"2014","0"
"2015","0"
"2016","3"
"2017","2"
"2018","3"
"2019","12"
"2020","4"
"2021","2"
"2022","2"
"2023","2"
"2024","8"
"2025","5"
"2026","0"
"2027","1"
"2028","2"
"2029","4"
"2030","6"
"2031","0"
"2032","0"
"2033","0"
"2034","4"
"2035","2"
"2036","5"
"2037","3"
"2038","5"
"2039","6"
"2040","0"
"2041","1"
"2042","5"
"2043","3"
"2044","0"
"2045","0"
"2046","2"
"2047","3"
"2048","4"
"2049","6"
"2050","2"
"2051","12"
"2052","0"
"2053","0"
"2054","6"
"2055","1"
"2056","0"
"2057","2"
"2058","5"
"2059","0"
"2060","0"
"2061","2"
"2062","0"
"2063","4"
"2064","2"
"2065","2"
"2066","2"
"2067","0"
"2068","1"
"2069","3"
"2070","0"
"2071","0"
"2072","1"
"2073","5"
"2074","2"
"2075","0"
"2076","1"
"2077","1"
"2078","4"
"2079","1"
"2080","3"
"2081","2"
"2082","12"
"2083","2"
"2084","12"
"2085","0"
"2086","1"
"2087","1"
"2088","0"
"2089","0"
"2090","1"
"2091","1"
"2092","5"
"2093","2"
"2094","2"
"2095","0"
"2096","2"
"2097","0"
"2098","0"
"2099","0"
"2100","0"
"2101","0"
"2102","0"
"2103","0"
"2104","10"
"2105","4"
"2106","0"
"2107","0"
"2108","2"
"2109","2"
"2110","5"
"2111","5"
"2112","4"
"2113","0"
"2114","4"
"2115","2"
"2116","4"
"2117","1"
"2118","0"
"2119","2"
"2120","2"
"2121","0"
"2122","3"
"2123","8"
"2124","10"
"2125","0"
"2126","5"
"2127","2"
"2128","1"
"2129","0"
"2130","3"
"2131","3"
"2132","1"
"2133","1"
"2134","3"
"2135","1"
"2136","4"
"2137","2"
"2138","2"
"2139","0"
"2140","2"
"2141","0"
"2142","1"
"2143","0"
"2144","1"
"2145","4"
"2146","1"
"2147","0"
"2148","2"
"2149","0"
"2150","2"
"2151","2"
"2152","0"
"2153","11"
"2154","5"
"2155","0"
"2156","0"
"2157","2"
"2158","0"
"2159","1"
"2160","1"
"2161","6"
"2162","0"
"2163","0"
"2164","0"
"2165","1"
"2166","0"
"2167","5"
"2168","0"
"2169","1"
"2170","4"
"2171","0"
"2172","2"
"2173","2"
"2174","4"
"2175","3"
"2176","0"
"2177","2"
"2178","0"
"2179","2"
"2180","7"
"2181","0"
"2182","7"
"2183","0"
"2184","0"
"2185","4"
"2186","3"
"2187","4"
"2188","5"
"2189","2"
"2190","1"
"2191","4"
"2192","0"
"2193","1"
"2194","4"
"2195","4"
"2196","1"
"2197","3"
"2198","1"
"2199","3"
"2200","0"
"2201","4"
"2202","1"
"2203","3"
"2204","0"
"2205","3"
"2206","3"
"2207","1"
"2208","1"
"2209","5"
"2210","0"
"2211","6"
"2212","0"
"2213","3"
"2214","2"
"2215","4"
"2216","4"
"2217","2"
"2218","2"
"2219","1"
"2220","11"
"2221","9"
"2222","5"
"2223","0"
"2224","3"
"2225","1"
"2226","1"
"2227","0"
"2228","4"
"2229","0"
"2230","12"
"2231","0"
"2232","7"
"2233","0"
"2234","3"
"2235","1"
"2236","1"
"2237","1"
"2238","7"
"2239","2"
"2240","0"
"2241","0"
"2242","3"
"2243","3"
"2244","0"
"2245","2"
"2246","8"
"2247","9"
"2248","5"
"2249","11"
"2250","1"
"2251","2"
"2252","2"
"2253","4"
"2254","1"
"2255","11"
"2256","1"
"2257","1"
"2258","5"
"2259","12"
"2260","5"
"2261","4"
"2262","0"
"2263","4"
"2264","4"
"2265","2"
"2266","5"
"2267","3"
"2268","2"
"2269","1"
"2270","0"
"2271","0"
"2272","2"
"2273","1"
"2274","10"
"2275","4"
"2276","5"
"2277","1"
"2278","1"
"2279","0"
"2280","1"
"2281","0"
"2282","0"
"2283","1"
"2284","5"
"2285","6"
"2286","5"
"2287","0"
"2288","0"
"2289","4"
"2290","2"
"2291","0"
"2292","5"
"2293","4"
"2294","3"
"2295","0"
"2296","0"
"2297","1"
"2298","4"
"2299","3"
"2300","0"
"2301","0"
"2302","0"
"2303","3"
"2304","0"
"2305","12"
"2306","0"
"2307","5"
"2308","1"
"2309","3"
"2310","4"
"2311","1"
"2312","1"
"2313","0"
"2314","0"
"2315","1"
"2316","0"
"2317","4"
"2318","0"
"2319","0"
"2320","6"
"2321","0"
"2322","4"
"2323","0"
"2324","5"
"2325","9"
"2326","1"
"2327","4"
"2328","0"
"2329","3"
"2330","4"
"2331","2"
"2332","2"
"2333","2"
"2334","3"
"2335","2"
"2336","1"
"2337","1"
"2338","0"
"2339","3"
"2340","3"
"2341","0"
"2342","3"
"2343","1"
"2344","13"
"2345","2"
"2346","2"
"2347","3"
"2348","2"
"2349","3"
"2350","1"
"2351","1"
"2352","1"
"2353","0"
"2354","0"
"2355","5"
"2356","4"
"2357","2"
"2358","0"
"2359","1"
"2360","0"
"2361","1"
"2362","0"
"2363","3"
"2364","6"
"2365","4"
"2366","4"
"2367","3"
"2368","0"
"2369","5"
"2370","1"
"2371","0"
"2372","4"
"2373","6"
"2374","6"
"2375","2"
"2376","3"
"2377","2"
"2378","4"
"2379","3"
"2380","3"
"2381","1"
"2382","0"
"2383","0"
"2384","1"
"2385","1"
"2386","1"
"2387","3"
"2388","2"
"2389","1"
"2390","2"
"2391","2"
"2392","1"
"2393","0"
"2394","4"
"2395","2"
"2396","4"
"2397","1"
"2398","4"
"2399","3"
"2400","6"
"2401","1"
"2402","3"
"2403","13"
"2404","1"
"2405","3"
"2406","0"
"2407","4"
"2408","2"
"2409","1"
"2410","4"
"2411","3"
"2412","2"
"2413","1"
"2414","1"
"2415","10"
"2416","7"
"2417","1"
"2418","0"
"2419","1"
"2420","1"
"2421","5"
"2422","2"
"2423","4"
"2424","3"
"2425","2"
"2426","0"
"2427","3"
"2428","2"
"2429","1"
"2430","3"
"2431","3"
"2432","0"
"2433","0"
"2434","2"
"2435","2"
"2436","1"
"2437","12"
"2438","0"
"2439","2"
"2440","3"
"2441","11"
"2442","1"
"2443","0"
"2444","1"
"2445","3"
"2446","1"
"2447","1"
"2448","4"
"2449","0"
"2450","1"
"2451","0"
"2452","10"
"2453","1"
"2454","1"
"2455","1"
"2456","1"
"2457","3"
"2458","0"
"2459","2"
"2460","1"
"2461","3"
"2462","6"
"2463","3"
"2464","1"
"2465","4"
"2466","2"
"2467","6"
"2468","5"
"2469","2"
"2470","2"
"2471","9"
"2472","0"
"2473","0"
"2474","3"
"2475","0"
"2476","0"
"2477","1"
"2478","3"
"2479","5"
"2480","0"
"2481","6"
"2482","3"
"2483","10"
"2484","0"
"2485","1"
"2486","3"
"2487","13"
"2488","4"
"2489","3"
"2490","2"
"2491","2"
"2492","7"
"2493","0"
"2494","6"
"2495","3"
"2496","0"
"2497","1"
"2498","1"
"2499","0"
"2500","0"
"2501","3"
"2502","3"
"2503","1"
"2504","10"
"2505","7"
"2506","1"
"2507","3"
"2508","1"
"2509","7"
"2510","6"
"2511","0"
"2512","3"
"2513","1"
"2514","1"
"2515","4"
"2516","1"
"2517","0"
"2518","0"
"2519","0"
"2520","1"
"2521","13"
"2522","5"
"2523","1"
"2524","11"
"2525","1"
"2526","0"
"2527","3"
"2528","4"
"2529","0"
"2530","0"
"2531","1"
"2532","1"
"2533","1"
"2534","3"
"2535","3"
"2536","8"
"2537","0"
"2538","0"
"2539","1"
"2540","0"
"2541","10"
"2542","6"
"2543","4"
"2544","0"
"2545","3"
"2546","1"
"2547","1"
"2548","1"
"2549","2"
"2550","2"
"2551","3"
"2552","2"
"2553","8"
"2554","0"
"2555","3"
"2556","5"
"2557","0"
"2558","2"
"2559","3"
"2560","0"
"2561","0"
"2562","1"
"2563","1"
"2564","6"
"2565","0"
"2566","1"
"2567","3"
"2568","0"
"2569","3"
"2570","8"
"2571","3"
"2572","1"
"2573","0"
"2574","3"
"2575","2"
"2576","5"
"2577","9"
"2578","0"
"2579","1"
"2580","0"
"2581","3"
"2582","8"
"2583","5"
"2584","0"
"2585","0"
"2586","10"
"2587","4"
"2588","0"
"2589","3"
"2590","5"
"2591","1"
"2592","3"
"2593","2"
"2594","9"
"2595","1"
"2596","3"
"2597","4"
"2598","1"
"2599","5"
"2600","0"
"2601","0"
"2602","0"
"2603","0"
"2604","1"
"2605","1"
"2606","2"
"2607","6"
"2608","1"
"2609","0"
"2610","2"
"2611","1"
"2612","2"
"2613","1"
"2614","0"
"2615","2"
"2616","2"
"2617","1"
"2618","3"
"2619","0"
"2620","9"
"2621","6"
"2622","1"
"2623","0"
"2624","0"
"2625","3"
"2626","1"
"2627","2"
"2628","0"
"2629","3"
"2630","1"
"2631","8"
"2632","0"
"2633","0"
"2634","6"
"2635","1"
"2636","9"
"2637","8"
"2638","0"
"2639","1"
"2640","3"
"2641","1"
"2642","0"
"2643","3"
"2644","12"
"2645","3"
"2646","0"
"2647","0"
"2648","3"
"2649","0"
"2650","8"
"2651","0"
"2652","1"
"2653","3"
"2654","8"
"2655","7"
"2656","9"
"2657","0"
"2658","0"
"2659","0"
"2660","3"
"2661","3"
"2662","1"
"2663","3"
"2664","4"
"2665","6"
"2666","7"
"2667","0"
"2668","0"
"2669","1"
"2670","5"
"2671","1"
"2672","1"
"2673","0"
"2674","0"
"2675","2"
"2676","1"
"2677","3"
"2678","0"
"2679","3"
"2680","1"
"2681","10"
"2682","1"
"2683","0"
"2684","3"
"2685","1"
"2686","3"
"2687","3"
"2688","1"
"2689","2"
"2690","3"
"2691","5"
"2692","0"
"2693","0"
"2694","5"
"2695","0"
"2696","8"
"2697","1"
"2698","1"
"2699","4"
"2700","10"
"2701","3"
"2702","0"
"2703","8"
"2704","2"
"2705","2"
"2706","3"
"2707","7"
"2708","1"
"2709","1"
"2710","2"
"2711","3"
"2712","8"
"2713","0"
"2714","3"
"2715","3"
"2716","2"
"2717","2"
"2718","3"
"2719","0"
"2720","2"
"2721","3"
"2722","0"
"2723","1"
"2724","1"
"2725","4"
"2726","1"
"2727","3"
"2728","1"
"2729","8"
"2730","0"
"2731","0"
"2732","0"
"2733","0"
"2734","0"
"2735","1"
"2736","2"
"2737","1"
"2738","2"
"2739","5"
"2740","1"
"2741","4"
"2742","2"
"2743","0"
"2744","0"
"2745","7"
"2746","2"
"2747","0"
"2748","1"
"2749","2"
"2750","0"
"2751","5"
"2752","5"
"2753","0"
"2754","0"
"2755","0"
"2756","1"
"2757","0"
"2758","0"
"2759","5"
"2760","1"
"2761","11"
"2762","5"
"2763","5"
"2764","1"
"2765","2"
"2766","0"
"2767","1"
"2768","2"
"2769","3"
"2770","1"
"2771","2"
"2772","1"
"2773","4"
"2774","2"
"2775","0"
"2776","5"
"2777","3"
"2778","1"
"2779","11"
"2780","1"
"2781","2"
"2782","0"
"2783","3"
"2784","6"
"2785","5"
"2786","1"
"2787","1"
"2788","2"
"2789","5"
"2790","0"
"2791","11"
"2792","0"
"2793","12"
"2794","0"
"2795","0"
"2796","3"
"2797","2"
"2798","1"
"2799","1"
"2800","1"
"2801","2"
"2802","0"
"2803","2"
"2804","2"
"2805","4"
"2806","1"
"2807","2"
"2808","2"
"2809","6"
"2810","2"
"2811","4"
"2812","0"
"2813","4"
"2814","1"
"2815","5"
"2816","2"
"2817","1"
"2818","0"
"2819","6"
"2820","2"
"2821","9"
"2822","2"
"2823","0"
"2824","5"
"2825","0"
"2826","3"
"2827","9"
"2828","2"
"2829","0"
"2830","7"
"2831","2"
"2832","0"
"2833","6"
"2834","6"
"2835","0"
"2836","1"
"2837","0"
"2838","2"
"2839","5"
"2840","0"
"2841","4"
"2842","2"
"2843","0"
"2844","0"
"2845","1"
"2846","2"
"2847","0"
"2848","0"
"2849","0"
"2850","4"
"2851","0"
"2852","0"
"2853","2"
"2854","0"
"2855","0"
"2856","2"
"2857","0"
"2858","1"
"2859","2"
"2860","1"
"2861","1"
"2862","3"
"2863","2"
"2864","0"
"2865","4"
"2866","0"
"2867","5"
"2868","1"
"2869","0"
"2870","4"
"2871","6"
"2872","0"
"2873","12"
"2874","0"
"2875","2"
"2876","3"
"2877","12"
"2878","4"
"2879","0"
"2880","0"
"2881","0"
"2882","1"
"2883","2"
"2884","0"
"2885","2"
"2886","4"
"2887","1"
"2888","2"
"2889","3"
"2890","4"
"2891","0"
"2892","11"
"2893","0"
"2894","0"
"2895","1"
"2896","4"
"2897","2"
"2898","0"
"2899","4"
"2900","2"
"2901","0"
"2902","1"
"2903","0"
"2904","4"
"2905","2"
"2906","2"
"2907","0"
"2908","1"
"2909","1"
"2910","1"
"2911","2"
"2912","3"
"2913","1"
"2914","0"
"2915","0"
"2916","1"
"2917","2"
"2918","0"
"2919","1"
"2920","0"
"2921","3"
"2922","0"
"2923","5"
"2924","4"
"2925","2"
"2926","6"
"2927","0"
"2928","3"
"2929","1"
"2930","2"
"2931","0"
"2932","4"
"2933","10"
"2934","5"
"2935","0"
"2936","2"
"2937","9"
"2938","2"
"2939","1"
"2940","2"
"2941","6"
"2942","3"
"2943","5"
"2944","4"
"2945","1"
"2946","1"
"2947","1"
"2948","2"
"2949","0"
"2950","1"
"2951","0"
"2952","2"
"2953","1"
"2954","3"
"2955","1"
"2956","2"
"2957","1"
"2958","2"
"2959","3"
"2960","0"
"2961","0"
"2962","3"
"2963","0"
"2964","1"
"2965","3"
"2966","1"
"2967","0"
"2968","6"
"2969","0"
"2970","0"
"2971","1"
"2972","1"
"2973","1"
"2974","0"
"2975","0"
"2976","2"
"2977","2"
"2978","0"
"2979","0"
"2980","3"
"2981","0"
"2982","4"
"2983","0"
"2984","0"
"2985","1"
"2986","0"
"2987","1"
"2988","0"
"2989","0"
"2990","0"
"2991","3"
"2992","9"
"2993","3"
"2994","3"
"2995","0"
"2996","1"
"2997","9"
"2998","3"
"2999","3"
"3000","1"
"3001","3"
"3002","5"
"3003","0"
"3004","0"
"3005","0"
"3006","0"
"3007","11"
"3008","4"
"3009","13"
"3010","3"
"3011","1"
"3012","1"
"3013","1"
"3014","10"
"3015","1"
"3016","13"
"3017","1"
"3018","0"
"3019","4"
"3020","6"
"3021","11"
"3022","1"
"3023","0"
"3024","0"
"3025","1"
"3026","2"
"3027","11"
"3028","1"
"3029","1"
"3030","10"
"3031","0"
"3032","9"
"3033","1"
"3034","0"
"3035","2"
"3036","3"
"3037","0"
"3038","0"
"3039","9"
"3040","1"
"3041","2"
"3042","0"
"3043","3"
"3044","2"
"3045","0"
"3046","0"
"3047","0"
"3048","1"
"3049","7"
"3050","1"
"3051","0"
"3052","0"
"3053","2"
"3054","0"
"3055","1"
"3056","5"
"3057","8"
"3058","2"
"3059","0"
"3060","0"
"3061","2"
"3062","3"
"3063","1"
"3064","1"
"3065","4"
"3066","0"
"3067","2"
"3068","3"
"3069","0"
"3070","1"
"3071","0"
"3072","9"
"3073","3"
"3074","0"
"3075","0"
"3076","3"
"3077","0"
"3078","3"
"3079","3"
"3080","3"
"3081","3"
"3082","0"
"3083","0"
"3084","0"
"3085","0"
"3086","4"
"3087","4"
"3088","1"
"3089","3"
"3090","0"
"3091","0"
"3092","0"
"3093","3"
"3094","1"
"3095","0"
"3096","2"
"3097","4"
"3098","12"
"3099","6"
"3100","3"
"3101","5"
"3102","10"
"3103","3"
"3104","3"
"3105","0"
"3106","2"
"3107","3"
"3108","3"
"3109","1"
"3110","0"
"3111","4"
"3112","3"
"3113","0"
"3114","0"
"3115","3"
"3116","1"
"3117","3"
"3118","3"
"3119","0"
"3120","0"
"3121","3"
"3122","2"
"3123","1"
"3124","1"
"3125","1"
"3126","0"
"3127","0"
"3128","2"
"3129","5"
"3130","9"
"3131","2"
"3132","1"
"3133","1"
"3134","0"
"3135","2"
"3136","1"
"3137","1"
"3138","0"
"3139","12"
"3140","0"
"3141","4"
"3142","1"
"3143","0"
"3144","1"
"3145","1"
"3146","1"
"3147","9"
"3148","1"
"3149","1"
"3150","0"
"3151","3"
"3152","4"
"3153","2"
"3154","0"
"3155","3"
"3156","1"
"3157","0"
"3158","1"
"3159","1"
"3160","1"
"3161","9"
"3162","0"
"3163","0"
"3164","2"
"3165","1"
"3166","3"
"3167","0"
"3168","1"
"3169","2"
"3170","0"
"3171","2"
"3172","3"
"3173","0"
"3174","3"
"3175","2"
"3176","0"
"3177","1"
"3178","0"
"3179","8"
"3180","7"
"3181","0"
"3182","0"
"3183","0"
"3184","10"
"3185","1"
"3186","0"
"3187","1"
"3188","4"
"3189","0"
"3190","2"
"3191","1"
"3192","1"
"3193","0"
"3194","1"
"3195","3"
"3196","7"
"3197","4"
"3198","8"
"3199","1"
"3200","1"
"3201","4"
"3202","2"
"3203","0"
"3204","0"
"3205","0"
"3206","7"
"3207","0"
"3208","1"
"3209","2"
"3210","0"
"3211","3"
"3212","3"
"3213","1"
"3214","4"
"3215","4"
"3216","0"
"3217","0"
"3218","9"
"3219","3"
"3220","1"
"3221","0"
"3222","1"
"3223","0"
"3224","4"
"3225","1"
"3226","1"
"3227","3"
"3228","4"
"3229","1"
"3230","1"
"3231","3"
"3232","9"
"3233","0"
"3234","3"
"3235","0"
"3236","0"
"3237","0"
"3238","1"
"3239","1"
"3240","2"
"3241","2"
"3242","0"
"3243","2"
"3244","2"
"3245","3"
"3246","2"
"3247","1"
"3248","1"
"3249","0"
"3250","2"
"3251","3"
"3252","1"
"3253","7"
"3254","9"
"3255","0"
"3256","9"
"3257","5"
"3258","1"
"3259","1"
"3260","1"
"3261","1"
"3262","0"
"3263","4"
"3264","8"
"3265","5"
"3266","1"
"3267","1"
"3268","8"
"3269","0"
"3270","0"
"3271","0"
"3272","1"
"3273","8"
"3274","1"
"3275","3"
"3276","4"
"3277","2"
"3278","3"
"3279","0"
"3280","0"
"3281","12"
"3282","0"
"3283","2"
"3284","1"
"3285","3"
"3286","6"
"3287","0"
"3288","2"
"3289","1"
"3290","2"
"3291","4"
"3292","2"
"3293","4"
"3294","0"
"3295","1"
"3296","3"
"3297","3"
"3298","1"
"3299","1"
"3300","1"
"3301","1"
"3302","0"
"3303","0"
"3304","11"
"3305","2"
"3306","0"
"3307","0"
"3308","0"
"3309","11"
"3310","11"
"3311","0"
"3312","0"
"3313","4"
"3314","1"
"3315","0"
"3316","1"
"3317","6"
"3318","0"
"3319","4"
"3320","4"
"3321","4"
"3322","3"
"3323","2"
"3324","3"
"3325","1"
"3326","2"
"3327","3"
"3328","1"
"3329","3"
"3330","0"
"3331","4"
"3332","2"
"3333","0"
"3334","7"
"3335","9"
"3336","2"
"3337","2"
"3338","4"
"3339","2"
"3340","11"
"3341","0"
"3342","0"
"3343","7"
"3344","2"
"3345","2"
"3346","10"
"3347","6"
"3348","1"
"3349","5"
"3350","0"
"3351","1"
"3352","0"
"3353","2"
"3354","1"
"3355","3"
"3356","0"
"3357","4"
"3358","5"
"3359","3"
"3360","0"
"3361","0"
"3362","0"
"3363","2"
"3364","4"
"3365","2"
"3366","3"
"3367","2"
"3368","11"
"3369","10"
"3370","0"
"3371","1"
"3372","0"
"3373","4"
"3374","0"
"3375","2"
"3376","1"
"3377","5"
"3378","2"
"3379","5"
"3380","5"
"3381","3"
"3382","9"
"3383","4"
"3384","1"
"3385","0"
"3386","0"
"3387","0"
"3388","1"
"3389","2"
"3390","4"
"3391","1"
"3392","1"
"3393","4"
"3394","6"
"3395","2"
"3396","1"
"3397","12"
"3398","4"
"3399","2"
"3400","11"
"3401","2"
"3402","5"
"3403","2"
"3404","0"
"3405","1"
"3406","4"
"3407","0"
"3408","4"
"3409","3"
"3410","4"
"3411","2"
"3412","2"
"3413","2"
"3414","0"
"3415","5"
"3416","1"
"3417","0"
"3418","1"
"3419","0"
"3420","1"
"3421","4"
"3422","4"
"3423","0"
"3424","9"
"3425","2"
"3426","0"
"3427","2"
"3428","10"
"3429","1"
"3430","0"
"3431","6"
"3432","9"
"3433","13"
"3434","3"
"3435","2"
"3436","0"
"3437","4"
"3438","3"
"3439","1"
"3440","0"
"3441","0"
"3442","8"
"3443","1"
"3444","0"
"3445","0"
"3446","0"
"3447","1"
"3448","2"
"3449","2"
"3450","10"
"3451","4"
"3452","9"
"3453","0"
"3454","2"
"3455","2"
"3456","0"
"3457","0"
"3458","0"
"3459","2"
"3460","0"
"3461","1"
"3462","8"
"3463","2"
"3464","6"
"3465","2"
"3466","5"
"3467","8"
"3468","9"
"3469","1"
"3470","0"
"3471","0"
"3472","2"
"3473","3"
"3474","0"
"3475","2"
"3476","13"
"3477","4"
"3478","2"
"3479","2"
"3480","2"
"3481","6"
"3482","1"
"3483","1"
"3484","3"
"3485","3"
"3486","1"
"3487","1"
"3488","5"
"3489","5"
"3490","0"
"3491","0"
"3492","0"
"3493","1"
"3494","2"
"3495","7"
"3496","0"
"3497","0"
"3498","0"
"3499","1"
"3500","5"
"3501","0"
"3502","4"
"3503","1"
"3504","9"
"3505","3"
"3506","5"
"3507","2"
"3508","2"
"3509","3"
"3510","1"
"3511","4"
"3512","4"
"3513","9"
"3514","2"
"3515","0"
"3516","2"
"3517","2"
"3518","0"
"3519","1"
"3520","0"
"3521","0"
"3522","1"
"3523","0"
"3524","1"
"3525","0"
"3526","3"
"3527","3"
"3528","5"
"3529","0"
"3530","5"
"3531","0"
"3532","13"
"3533","1"
"3534","2"
"3535","2"
"3536","2"
"3537","0"
"3538","3"
"3539","1"
"3540","1"
"3541","0"
"3542","0"
"3543","0"
"3544","1"
"3545","2"
"3546","2"
"3547","0"
"3548","3"
"3549","5"
"3550","3"
"3551","0"
"3552","7"
"3553","0"
"3554","1"
"3555","0"
"3556","1"
"3557","1"
"3558","3"
"3559","6"
"3560","1"
"3561","7"
"3562","1"
"3563","0"
"3564","2"
"3565","4"
"3566","0"
"3567","0"
"3568","0"
"3569","1"
"3570","5"
"3571","3"
"3572","7"
"3573","3"
"3574","4"
"3575","3"
"3576","2"
"3577","2"
"3578","1"
"3579","0"
"3580","2"
"3581","0"
"3582","2"
"3583","4"
"3584","0"
"3585","2"
"3586","0"
"3587","2"
"3588","4"
"3589","2"
"3590","5"
"3591","0"
"3592","3"
"3593","12"
"3594","0"
"3595","0"
"3596","1"
"3597","0"
"3598","3"
"3599","1"
"3600","2"
"3601","2"
"3602","6"
"3603","0"
"3604","1"
"3605","0"
"3606","0"
"3607","4"
"3608","7"
"3609","2"
"3610","0"
"3611","10"
"3612","2"
"3613","1"
"3614","0"
"3615","5"
"3616","8"
"3617","2"
"3618","0"
"3619","12"
"3620","0"
"3621","4"
"3622","4"
"3623","1"
"3624","5"
"3625","2"
"3626","2"
"3627","8"
"3628","1"
"3629","2"
"3630","1"
"3631","2"
"3632","1"
"3633","3"
"3634","1"
"3635","12"
"3636","2"
"3637","0"
"3638","0"
"3639","12"
"3640","3"
"3641","0"
"3642","3"
"3643","2"
"3644","5"
"3645","1"
"3646","1"
"3647","0"
"3648","1"
"3649","1"
"3650","0"
"3651","1"
"3652","3"
"3653","3"
"3654","7"
"3655","0"
"3656","0"
"3657","1"
"3658","0"
"3659","0"
"3660","0"
"3661","1"
"3662","2"
"3663","1"
"3664","3"
"3665","1"
"3666","3"
"3667","0"
"3668","0"
"3669","3"
"3670","1"
"3671","2"
"3672","1"
"3673","4"
"3674","0"
"3675","1"
"3676","0"
"3677","1"
"3678","3"
"3679","0"
"3680","1"
"3681","0"
"3682","1"
"3683","3"
"3684","1"
"3685","1"
"3686","0"
"3687","0"
"3688","1"
"3689","5"
"3690","0"
"3691","2"
"3692","2"
"3693","1"
"3694","1"
"3695","2"
"3696","5"
"3697","0"
"3698","3"
"3699","4"
"3700","4"
"3701","3"
"3702","2"
"3703","3"
"3704","4"
"3705","1"
"3706","4"
"3707","0"
"3708","5"
"3709","3"
"3710","7"
"3711","1"
"3712","0"
"3713","8"
"3714","0"
"3715","1"
"3716","2"
"3717","0"
"3718","0"
"3719","1"
"3720","3"
"3721","1"
"3722","1"
"3723","0"
"3724","9"
"3725","2"
"3726","1"
"3727","1"
"3728","1"
"3729","0"
"3730","9"
"3731","1"
"3732","2"
"3733","5"
"3734","4"
"3735","5"
"3736","1"
"3737","1"
"3738","0"
"3739","1"
"3740","3"
"3741","2"
"3742","1"
"3743","0"
"3744","2"
"3745","3"
"3746","0"
"3747","2"
"3748","6"
"3749","0"
"3750","13"
"3751","1"
"3752","1"
"3753","1"
"3754","2"
"3755","0"
"3756","3"
"3757","12"
"3758","6"
"3759","0"
"3760","2"
"3761","1"
"3762","6"
"3763","1"
"3764","0"
"3765","6"
"3766","1"
"3767","1"
"3768","2"
"3769","0"
"3770","1"
"3771","0"
"3772","4"
"3773","7"
"3774","1"
"3775","1"
"3776","4"
"3777","1"
"3778","0"
"3779","2"
"3780","3"
"3781","7"
"3782","0"
"3783","0"
"3784","7"
"3785","0"
"3786","9"
"3787","2"
"3788","3"
"3789","1"
"3790","2"
"3791","3"
"3792","10"
"3793","1"
"3794","1"
"3795","0"
"3796","9"
"3797","1"
"3798","1"
"3799","0"
"3800","1"
"3801","1"
"3802","3"
"3803","2"
"3804","8"
"3805","3"
"3806","6"
"3807","1"
"3808","5"
"3809","0"
"3810","2"
"3811","2"
"3812","0"
"3813","3"
"3814","1"
"3815","5"
"3816","3"
"3817","3"
"3818","2"
"3819","5"
"3820","2"
"3821","9"
"3822","3"
"3823","0"
"3824","0"
"3825","2"
"3826","1"
"3827","1"
"3828","10"
"3829","0"
"3830","0"
"3831","2"
"3832","1"
"3833","1"
"3834","2"
"3835","0"
"3836","2"
"3837","1"
"3838","0"
"3839","8"
"3840","2"
"3841","3"
"3842","1"
"3843","0"
"3844","2"
"3845","0"
"3846","0"
"3847","1"
"3848","0"
"3849","1"
"3850","1"
"3851","8"
"3852","0"
"3853","1"
"3854","1"
"3855","3"
"3856","0"
"3857","10"
"3858","1"
"3859","0"
"3860","8"
"3861","7"
"3862","1"
"3863","7"
"3864","3"
"3865","0"
"3866","3"
"3867","1"
"3868","0"
"3869","2"
"3870","1"
"3871","2"
"3872","2"
"3873","2"
"3874","3"
"3875","8"
"3876","1"
"3877","1"
"3878","0"
"3879","0"
"3880","9"
"3881","1"
"3882","1"
"3883","2"
"3884","0"
"3885","0"
"3886","0"
"3887","3"
"3888","3"
"3889","2"
"3890","3"
"3891","2"
"3892","11"
"3893","6"
"3894","1"
"3895","5"
"3896","0"
"3897","2"
"3898","0"
"3899","2"
"3900","3"
"3901","4"
"3902","13"
"3903","0"
"3904","5"
"3905","1"
"3906","7"
"3907","7"
"3908","13"
"3909","2"
"3910","3"
"3911","2"
"3912","8"
"3913","1"
"3914","3"
"3915","1"
"3916","1"
"3917","0"
"3918","3"
"3919","1"
"3920","3"
"3921","3"
"3922","2"
"3923","0"
"3924","1"
"3925","0"
"3926","2"
"3927","0"
"3928","2"
"3929","1"
"3930","1"
"3931","5"
"3932","4"
"3933","1"
"3934","0"
"3935","0"
"3936","8"
"3937","11"
"3938","7"
"3939","0"
"3940","3"
"3941","1"
"3942","1"
"3943","3"
"3944","0"
"3945","2"
"3946","0"
"3947","9"
"3948","2"
"3949","3"
"3950","0"
"3951","2"
"3952","6"
"3953","0"
"3954","5"
"3955","0"
"3956","3"
"3957","0"
"3958","6"
"3959","0"
"3960","2"
"3961","3"
"3962","0"
"3963","0"
"3964","3"
"3965","0"
"3966","0"
"3967","3"
"3968","1"
"3969","1"
"3970","9"
"3971","1"
"3972","0"
"3973","7"
"3974","3"
"3975","0"
"3976","1"
"3977","9"
"3978","8"
"3979","0"
"3980","1"
"3981","9"
"3982","0"
"3983","0"
"3984","6"
"3985","1"
"3986","1"
"3987","3"
"3988","3"
"3989","11"
"3990","8"
"3991","1"
"3992","3"
"3993","8"
"3994","1"
"3995","0"
"3996","0"
"3997","2"
"3998","2"
"3999","0"
"4000","6"
"4001","0"
"4002","1"
"4003","0"
"4004","2"
"4005","5"
"4006","0"
"4007","1"
"4008","8"
"4009","4"
"4010","1"
"4011","0"
"4012","3"
"4013","0"
"4014","4"
"4015","3"
"4016","1"
"4017","10"
"4018","2"
"4019","9"
"4020","12"
"4021","0"
"4022","10"
"4023","1"
"4024","3"
"4025","3"
"4026","0"
"4027","1"
"4028","2"
"4029","1"
"4030","0"
"4031","3"
"4032","13"
"4033","10"
"4034","7"
"4035","3"
"4036","10"
"4037","1"
"4038","6"
"4039","3"
"4040","0"
"4041","1"
"4042","1"
"4043","10"
"4044","4"
"4045","2"
"4046","4"
"4047","1"
"4048","1"
"4049","1"
"4050","1"
"4051","0"
"4052","4"
"4053","2"
"4054","3"
"4055","0"
"4056","1"
"4057","10"
"4058","4"
"4059","0"
"4060","7"
"4061","0"
"4062","3"
"4063","1"
"4064","0"
"4065","8"
"4066","2"
"4067","0"
"4068","2"
"4069","3"
"4070","0"
"4071","7"
"4072","4"
"4073","0"
"4074","2"
"4075","1"
"4076","0"
"4077","1"
"4078","0"
"4079","2"
"4080","1"
"4081","2"
"4082","0"
"4083","10"
"4084","11"
"4085","0"
"4086","5"
"4087","1"
"4088","3"
"4089","2"
"4090","3"
"4091","0"
"4092","2"
"4093","4"
"4094","0"
"4095","0"
"4096","3"
"4097","1"
"4098","4"
"4099","1"
"4100","0"
"4101","1"
"4102","5"
"4103","0"
"4104","2"
"4105","10"
"4106","6"
"4107","1"
"4108","4"
"4109","4"
"4110","2"
"4111","5"
"4112","5"
"4113","8"
"4114","4"
"4115","2"
"4116","0"
"4117","4"
"4118","0"
"4119","1"
"4120","2"
"4121","8"
"4122","1"
"4123","1"
"4124","12"
"4125","2"
"4126","13"
"4127","1"
"4128","4"
"4129","9"
"4130","0"
"4131","0"
"4132","5"
"4133","2"
"4134","2"
"4135","2"
"4136","4"
"4137","2"
"4138","3"
"4139","1"
"4140","1"
"4141","0"
"4142","1"
"4143","0"
"4144","2"
"4145","0"
"4146","6"
"4147","4"
"4148","1"
"4149","1"
"4150","0"
"4151","5"
"4152","4"
"4153","4"
"4154","0"
"4155","12"
"4156","1"
"4157","3"
"4158","1"
"4159","4"
"4160","4"
"4161","2"
"4162","6"
"4163","2"
"4164","1"
"4165","10"
"4166","0"
"4167","4"
"4168","4"
"4169","2"
"4170","1"
"4171","0"
"4172","0"
"4173","5"
"4174","4"
"4175","5"
"4176","0"
"4177","1"
"4178","3"
"4179","3"
"4180","2"
"4181","7"
"4182","0"
"4183","2"
"4184","1"
"4185","12"
"4186","0"
"4187","2"
"4188","0"
"4189","1"
"4190","2"
"4191","2"
"4192","0"
"4193","6"
"4194","0"
"4195","2"
"4196","0"
"4197","1"
"4198","0"
"4199","10"
"4200","6"
"4201","3"
"4202","0"
"4203","3"
"4204","4"
"4205","0"
"4206","2"
"4207","4"
"4208","4"
"4209","0"
"4210","2"
"4211","0"
"4212","3"
"4213","2"
"4214","2"
"4215","0"
"4216","2"
"4217","0"
"4218","10"
"4219","4"
"4220","4"
"4221","0"
"4222","10"
"4223","1"
"4224","6"
"4225","12"
"4226","0"
"4227","0"
"4228","9"
"4229","9"
"4230","2"
"4231","9"
"4232","5"
"4233","2"
"4234","0"
"4235","4"
"4236","5"
"4237","3"
"4238","1"
"4239","4"
"4240","0"
"4241","4"
"4242","1"
"4243","2"
"4244","3"
"4245","1"
"4246","4"
"4247","2"
"4248","3"
"4249","5"
"4250","12"
"4251","1"
"4252","3"
"4253","0"
"4254","3"
"4255","0"
"4256","2"
"4257","1"
"4258","0"
"4259","0"
"4260","2"
"4261","4"
"4262","1"
"4263","1"
"4264","5"
"4265","4"
"4266","2"
"4267","1"
"4268","5"
"4269","1"
"4270","0"
"4271","2"
"4272","1"
"4273","5"
"4274","0"
"4275","0"
"4276","0"
"4277","0"
"4278","0"
"4279","1"
"4280","2"
"4281","0"
"4282","1"
"4283","8"
"4284","9"
"4285","0"
"4286","0"
"4287","0"
"4288","2"
"4289","11"
"4290","0"
"4291","0"
"4292","1"
"4293","0"
"4294","1"
"4295","2"
"4296","11"
"4297","4"
"4298","0"
"4299","5"
"4300","2"
"4301","1"
"4302","2"
"4303","2"
"4304","5"
"4305","0"
"4306","4"
"4307","0"
"4308","2"
"4309","0"
"4310","0"
"4311","2"
"4312","2"
"4313","2"
"4314","11"
"4315","0"
"4316","6"
"4317","2"
"4318","0"
"4319","0"
"4320","2"
"4321","0"
"4322","5"
"4323","9"
"4324","4"
"4325","0"
"4326","0"
"4327","3"
"4328","1"
"4329","0"
"4330","0"
"4331","6"
"4332","2"
"4333","0"
"4334","13"
"4335","1"
"4336","3"
"4337","1"
"4338","1"
"4339","5"
"4340","0"
"4341","1"
"4342","0"
"4343","0"
"4344","0"
"4345","0"
"4346","1"
"4347","9"
"4348","1"
"4349","7"
"4350","2"
"4351","5"
"4352","4"
"4353","3"
"4354","0"
"4355","2"
"4356","2"
"4357","1"
"4358","4"
"4359","4"
"4360","1"
"4361","2"
"4362","9"
"4363","0"
"4364","3"
"4365","0"
"4366","1"
"4367","0"
"4368","5"
"4369","3"
"4370","0"
"4371","2"
"4372","2"
"4373","0"
"4374","6"
"4375","0"
"4376","0"
"4377","3"
"4378","12"
"4379","4"
"4380","0"
"4381","1"
"4382","1"
"4383","6"
"4384","1"
"4385","13"
"4386","0"
"4387","3"
"4388","0"
"4389","0"
"4390","0"
"4391","4"
"4392","4"
"4393","1"
"4394","2"
"4395","4"
"4396","4"
"4397","1"
"4398","0"
"4399","0"
"4400","1"
"4401","0"
"4402","4"
"4403","1"
"4404","12"
"4405","12"
"4406","0"
"4407","1"
"4408","3"
"4409","6"
"4410","3"
"4411","11"
"4412","2"
"4413","2"
"4414","0"
"4415","3"
"4416","5"
"4417","0"
"4418","0"
"4419","0"
"4420","0"
"4421","2"
"4422","0"
"4423","0"
"4424","0"
"4425","0"
"4426","3"
"4427","4"
"4428","1"
"4429","0"
"4430","0"
"4431","5"
"4432","1"
"4433","0"
"4434","4"
"4435","1"
"4436","2"
"4437","0"
"4438","1"
"4439","13"
"4440","1"
"4441","0"
"4442","3"
"4443","0"
"4444","4"
"4445","3"
"4446","1"
"4447","4"
"4448","8"
"4449","0"
"4450","1"
"4451","3"
"4452","1"
"4453","3"
"4454","2"
"4455","1"
"4456","0"
"4457","0"
"4458","2"
"4459","0"
"4460","10"
"4461","8"
"4462","0"
"4463","3"
"4464","4"
"4465","0"
"4466","0"
"4467","2"
"4468","2"
"4469","0"
"4470","0"
"4471","2"
"4472","5"
"4473","3"
"4474","0"
"4475","1"
"4476","1"
"4477","2"
"4478","0"
"4479","1"
"4480","2"
"4481","10"
"4482","4"
"4483","0"
"4484","1"
"4485","1"
"4486","1"
"4487","0"
"4488","6"
"4489","2"
"4490","0"
"4491","0"
"4492","3"
"4493","4"
"4494","3"
"4495","6"
"4496","5"
"4497","6"
"4498","0"
"4499","2"
"4500","0"
"4501","2"
"4502","3"
"4503","2"
"4504","6"
"4505","0"
"4506","1"
"4507","0"
"4508","0"
"4509","8"
"4510","0"
"4511","10"
"4512","4"
"4513","4"
"4514","1"
"4515","1"
"4516","3"
"4517","0"
"4518","2"
"4519","9"
"4520","2"
"4521","4"
"4522","6"
"4523","1"
"4524","3"
"4525","0"
"4526","0"
"4527","0"
"4528","9"
"4529","6"
"4530","0"
"4531","4"
"4532","1"
"4533","2"
"4534","1"
"4535","7"
"4536","1"
"4537","0"
"4538","0"
"4539","3"
"4540","2"
"4541","0"
"4542","13"
"4543","0"
"4544","1"
"4545","12"
"4546","3"
"4547","3"
"4548","1"
"4549","3"
"4550","3"
"4551","1"
"4552","5"
"4553","0"
"4554","5"
"4555","0"
"4556","2"
"4557","0"
"4558","5"
"4559","1"
"4560","3"
"4561","3"
"4562","1"
"4563","1"
"4564","0"
"4565","3"
"4566","3"
"4567","0"
"4568","1"
"4569","2"
"4570","3"
"4571","0"
"4572","0"
"4573","0"
"4574","0"
"4575","3"
"4576","1"
"4577","1"
"4578","2"
"4579","3"
"4580","3"
"4581","0"
"4582","1"
"4583","4"
"4584","3"
"4585","3"
"4586","0"
"4587","5"
"4588","8"
"4589","3"
"4590","9"
"4591","3"
"4592","0"
"4593","0"
"4594","0"
"4595","0"
"4596","1"
"4597","11"
"4598","2"
"4599","0"
"4600","0"
"4601","2"
"4602","0"
"4603","3"
"4604","3"
"4605","1"
"4606","5"
"4607","0"
"4608","3"
"4609","3"
"4610","3"
"4611","3"
"4612","1"
"4613","0"
"4614","9"
"4615","0"
"4616","6"
"4617","3"
"4618","3"
"4619","1"
"4620","2"
"4621","1"
"4622","4"
"4623","2"
"4624","1"
"4625","0"
"4626","7"
"4627","0"
"4628","4"
"4629","1"
"4630","0"
"4631","2"
"4632","0"
"4633","2"
"4634","6"
"4635","5"
"4636","1"
"4637","11"
"4638","0"
"4639","1"
"4640","4"
"4641","3"
"4642","2"
"4643","3"
"4644","1"
"4645","1"
"4646","2"
"4647","2"
"4648","0"
"4649","2"
"4650","0"
"4651","0"
"4652","4"
"4653","9"
"4654","0"
"4655","1"
"4656","3"
"4657","2"
"4658","5"
"4659","1"
"4660","0"
"4661","7"
"4662","1"
"4663","1"
"4664","0"
"4665","8"
"4666","2"
"4667","1"
"4668","13"
"4669","3"
"4670","1"
"4671","3"
"4672","0"
"4673","0"
"4674","3"
"4675","5"
"4676","2"
"4677","0"
"4678","2"
"4679","5"
"4680","0"
"4681","7"
"4682","3"
"4683","6"
"4684","3"
"4685","5"
"4686","1"
"4687","0"
"4688","4"
"4689","0"
"4690","1"
"4691","1"
"4692","3"
"4693","13"
"4694","2"
"4695","9"
"4696","9"
"4697","1"
"4698","2"
"4699","1"
"4700","10"
"4701","0"
"4702","3"
"4703","6"
"4704","3"
"4705","0"
"4706","0"
"4707","1"
"4708","0"
"4709","6"
"4710","9"
"4711","6"
"4712","0"
"4713","3"
"4714","0"
"4715","4"
"4716","4"
"4717","0"
"4718","0"
"4719","3"
"4720","1"
"4721","0"
"4722","1"
"4723","1"
"4724","0"
"4725","1"
"4726","0"
"4727","0"
"4728","7"
"4729","0"
"4730","0"
"4731","1"
"4732","5"
"4733","0"
"4734","2"
"4735","1"
"4736","0"
"4737","1"
"4738","3"
"4739","0"
"4740","0"
"4741","10"
"4742","1"
"4743","1"
"4744","0"
"4745","4"
"4746","2"
"4747","2"
"4748","2"
"4749","4"
"4750","10"
"4751","4"
"4752","0"
"4753","5"
"4754","9"
"4755","3"
"4756","4"
"4757","5"
"4758","2"
"4759","11"
"4760","1"
"4761","2"
"4762","0"
"4763","0"
"4764","0"
"4765","2"
"4766","0"
"4767","2"
"4768","1"
"4769","3"
"4770","0"
"4771","10"
"4772","3"
"4773","6"
"4774","0"
"4775","3"
"4776","1"
"4777","5"
"4778","1"
"4779","3"
"4780","3"
"4781","3"
"4782","0"
"4783","3"
"4784","2"
"4785","8"
"4786","2"
"4787","0"
"4788","3"
"4789","5"
"4790","7"
"4791","0"
"4792","5"
"4793","0"
"4794","2"
"4795","5"
"4796","11"
"4797","2"
"4798","0"
"4799","0"
"4800","3"
"4801","2"
"4802","2"
"4803","3"
"4804","2"
"4805","1"
"4806","5"
"4807","2"
"4808","3"
"4809","2"
"4810","5"
"4811","4"
"4812","5"
"4813","4"
"4814","5"
"4815","4"
"4816","13"
"4817","3"
"4818","0"
"4819","5"
"4820","0"
"4821","13"
"4822","5"
"4823","0"
"4824","1"
"4825","5"
"4826","0"
"4827","0"
"4828","0"
"4829","0"
"4830","0"
"4831","0"
"4832","0"
"4833","0"
"4834","11"
"4835","2"
"4836","0"
"4837","1"
"4838","5"
"4839","1"
"4840","6"
"4841","0"
"4842","1"
"4843","11"
"4844","3"
"4845","2"
"4846","0"
"4847","5"
"4848","5"
"4849","2"
"4850","0"
"4851","0"
"4852","1"
"4853","0"
"4854","5"
"4855","2"
"4856","2"
"4857","6"
"4858","0"
"4859","4"
"4860","4"
"4861","0"
"4862","6"
"4863","4"
"4864","6"
"4865","1"
"4866","3"
"4867","0"
"4868","4"
"4869","6"
"4870","13"
"4871","2"
"4872","7"
"4873","0"
"4874","2"
"4875","2"
"4876","0"
"4877","4"
"4878","0"
"4879","0"
"4880","2"
"4881","0"
"4882","0"
"4883","0"
"4884","1"
"4885","0"
"4886","3"
"4887","3"
"4888","1"
"4889","1"
"4890","0"
"4891","3"
"4892","1"
"4893","1"
"4894","0"
"4895","4"
"4896","4"
"4897","1"
"4898","0"
"4899","6"
"4900","0"
"4901","1"
"4902","0"
"4903","2"
"4904","0"
"4905","1"
"4906","0"
"4907","0"
"4908","7"
"4909","0"
"4910","5"
"4911","1"
"4912","3"
"4913","7"
"4914","8"
"4915","1"
"4916","1"
"4917","0"
"4918","1"
"4919","4"
"4920","2"
"4921","0"
"4922","2"
"4923","1"
"4924","0"
"4925","0"
"4926","0"
"4927","1"
"4928","3"
"4929","1"
"4930","1"
"4931","0"
"4932","5"
"4933","0"
"4934","3"
"4935","0"
"4936","0"
"4937","10"
"4938","0"
"4939","7"
"4940","7"
"4941","0"
"4942","0"
"4943","0"
"4944","4"
"4945","0"
"4946","1"
"4947","0"
"4948","3"
"4949","6"
"4950","1"
"4951","3"
"4952","1"
"4953","7"
"4954","0"
"4955","1"
"4956","1"
"4957","4"
"4958","1"
"4959","1"
"4960","6"
"4961","3"
"4962","1"
"4963","0"
"4964","2"
"4965","6"
"4966","1"
"4967","2"
"4968","4"
"4969","1"
"4970","2"
"4971","0"
"4972","3"
"4973","2"
"4974","0"
"4975","2"
"4976","2"
"4977","10"
"4978","1"
"4979","0"
"4980","10"
"4981","4"
"4982","0"
"4983","4"
"4984","0"
"4985","1"
"4986","0"
"4987","1"
"4988","0"
"4989","0"
"4990","1"
"4991","2"
"4992","1"
"4993","3"
"4994","9"
"4995","0"
"4996","12"
"4997","6"
"4998","9"
"4999","0"
"5000","2"
"5001","1"
"5002","0"
"5003","0"
"5004","0"
"5005","0"
"5006","4"
"5007","10"
"5008","9"
"5009","6"
"5010","0"
"5011","8"
"5012","3"
"5013","4"
"5014","6"
"5015","0"
"5016","1"
"5017","0"
"5018","0"
"5019","0"
"5020","0"
"5021","0"
"5022","1"
"5023","1"
"5024","10"
"5025","2"
"5026","3"
"5027","2"
"5028","0"
"5029","1"
"5030","4"
"5031","0"
"5032","3"
"5033","0"
"5034","4"
"5035","4"
"5036","0"
"5037","5"
"5038","3"
"5039","0"
"5040","1"
"5041","0"
"5042","9"
"5043","0"
"5044","9"
"5045","0"
"5046","0"
"5047","7"
"5048","3"
"5049","0"
"5050","3"
"5051","1"
"5052","2"
"5053","2"
"5054","1"
"5055","0"
"5056","0"
"5057","0"
"5058","1"
"5059","1"
"5060","3"
"5061","0"
"5062","0"
"5063","9"
"5064","2"
"5065","3"
"5066","11"
"5067","9"
"5068","2"
"5069","13"
"5070","1"
"5071","0"
"5072","9"
"5073","0"
"5074","0"
"5075","1"
"5076","0"
"5077","2"
"5078","0"
"5079","0"
"5080","2"
"5081","3"
"5082","0"
"5083","1"
"5084","2"
"5085","1"
"5086","1"
"5087","1"
"5088","0"
"5089","1"
"5090","3"
"5091","6"
"5092","2"
"5093","0"
"5094","0"
"5095","0"
"5096","0"
"5097","1"
"5098","0"
"5099","2"
"5100","5"
"5101","3"
"5102","4"
"5103","0"
"5104","4"
"5105","0"
"5106","3"
"5107","1"
"5108","3"
"5109","0"
"5110","1"
"5111","0"
"5112","0"
"5113","3"
"5114","2"
"5115","0"
"5116","2"
"5117","0"
"5118","1"
"5119","0"
"5120","0"
"5121","3"
"5122","2"
"5123","3"
"5124","1"
"5125","11"
"5126","7"
"5127","3"
"5128","2"
"5129","4"
"5130","0"
"5131","0"
"5132","2"
"5133","0"
"5134","1"
"5135","0"
"5136","0"
"5137","6"
"5138","1"
"5139","2"
"5140","3"
"5141","0"
"5142","0"
"5143","0"
"5144","0"
"5145","1"
"5146","1"
"5147","12"
"5148","0"
"5149","2"
"5150","2"
"5151","1"
"5152","13"
"5153","6"
"5154","0"
"5155","2"
"5156","6"
"5157","3"
"5158","0"
"5159","3"
"5160","0"
"5161","2"
"5162","0"
"5163","7"
"5164","2"
"5165","1"
"5166","0"
"5167","7"
"5168","3"
"5169","0"
"5170","1"
"5171","0"
"5172","2"
"5173","3"
"5174","1"
"5175","1"
"5176","2"
"5177","6"
"5178","1"
"5179","1"
"5180","0"
"5181","1"
"5182","3"
"5183","0"
"5184","0"
"5185","1"
"5186","8"
"5187","1"
"5188","3"
"5189","7"
"5190","4"
"5191","2"
"5192","1"
"5193","6"
"5194","0"
"5195","6"
"5196","4"
"5197","1"
"5198","0"
"5199","3"
"5200","0"
"5201","3"
"5202","2"
"5203","6"
"5204","5"
"5205","1"
"5206","1"
"5207","4"
"5208","1"
"5209","2"
"5210","0"
"5211","3"
"5212","0"
"5213","3"
"5214","1"
"5215","3"
"5216","13"
"5217","1"
"5218","2"
"5219","3"
"5220","0"
"5221","1"
"5222","0"
"5223","1"
"5224","0"
"5225","1"
"5226","0"
"5227","0"
"5228","0"
"5229","0"
"5230","1"
"5231","1"
"5232","6"
"5233","1"
"5234","0"
"5235","2"
"5236","0"
"5237","0"
"5238","0"
"5239","1"
"5240","0"
"5241","13"
"5242","5"
"5243","4"
"5244","2"
"5245","1"
"5246","0"
"5247","0"
"5248","0"
"5249","1"
"5250","0"
"5251","0"
"5252","3"
"5253","2"
"5254","1"
"5255","0"
"5256","2"
"5257","3"
"5258","0"
"5259","6"
"5260","3"
"5261","3"
"5262","7"
"5263","3"
"5264","0"
"5265","1"
"5266","1"
"5267","3"
"5268","3"
"5269","8"
"5270","3"
"5271","1"
"5272","0"
"5273","6"
"5274","2"
"5275","1"
"5276","3"
"5277","4"
"5278","0"
"5279","13"
"5280","2"
"5281","7"
"5282","2"
"5283","5"
"5284","2"
"5285","0"
"5286","3"
"5287","4"
"5288","0"
"5289","2"
"5290","8"
"5291","8"
"5292","8"
"5293","2"
"5294","0"
"5295","6"
"5296","1"
"5297","0"
"5298","1"
"5299","2"
"5300","1"
"5301","3"
"5302","0"
"5303","8"
"5304","1"
"5305","0"
"5306","3"
"5307","0"
"5308","0"
"5309","1"
"5310","6"
"5311","9"
"5312","1"
"5313","2"
"5314","0"
"5315","11"
"5316","4"
"5317","1"
"5318","0"
"5319","11"
"5320","0"
"5321","1"
"5322","1"
"5323","2"
"5324","8"
"5325","1"
"5326","0"
"5327","4"
"5328","8"
"5329","6"
"5330","0"
"5331","0"
"5332","0"
"5333","2"
"5334","0"
"5335","0"
"5336","5"
"5337","9"
"5338","2"
"5339","0"
"5340","3"
"5341","1"
"5342","0"
"5343","9"
"5344","0"
"5345","0"
"5346","3"
"5347","1"
"5348","0"
"5349","0"
"5350","2"
"5351","1"
"5352","12"
"5353","0"
"5354","2"
"5355","4"
"5356","0"
"5357","0"
"5358","6"
"5359","2"
"5360","3"
"5361","0"
"5362","0"
"5363","0"
"5364","3"
"5365","2"
"5366","6"
"5367","1"
"5368","3"
"5369","7"
"5370","2"
"5371","13"
"5372","0"
"5373","2"
"5374","1"
"5375","0"
"5376","1"
"5377","2"
"5378","4"
"5379","2"
"5380","2"
"5381","1"
"5382","11"
"5383","4"
"5384","2"
"5385","13"
"5386","0"
"5387","1"
"5388","1"
"5389","0"
"5390","1"
"5391","4"
"5392","2"
"5393","1"
"5394","3"
"5395","0"
"5396","0"
"5397","2"
"5398","0"
"5399","2"
"5400","0"
"5401","3"
"5402","1"
"5403","0"
"5404","0"
"5405","0"
"5406","1"
"5407","4"
"5408","2"
"5409","2"
"5410","3"
"5411","1"
"5412","0"
"5413","2"
"5414","3"
"5415","12"
"5416","0"
"5417","2"
"5418","0"
"5419","3"
"5420","2"
"5421","5"
"5422","4"
"5423","3"
"5424","2"
"5425","2"
"5426","10"
"5427","8"
"5428","6"
"5429","1"
"5430","0"
"5431","2"
"5432","0"
"5433","2"
"5434","11"
"5435","0"
"5436","11"
"5437","0"
"5438","6"
"5439","1"
"5440","4"
"5441","5"
"5442","5"
"5443","5"
"5444","1"
"5445","3"
"5446","2"
"5447","5"
"5448","1"
"5449","6"
"5450","1"
"5451","1"
"5452","2"
"5453","4"
"5454","2"
"5455","0"
"5456","3"
"5457","0"
"5458","0"
"5459","7"
"5460","7"
"5461","5"
"5462","5"
"5463","1"
"5464","2"
"5465","0"
"5466","5"
"5467","0"
"5468","0"
"5469","6"
"5470","0"
"5471","1"
"5472","2"
"5473","0"
"5474","2"
"5475","2"
"5476","2"
"5477","2"
"5478","3"
"5479","0"
"5480","0"
"5481","2"
"5482","0"
"5483","3"
"5484","4"
"5485","1"
"5486","2"
"5487","0"
"5488","0"
"5489","0"
"5490","12"
"5491","1"
"5492","0"
"5493","1"
"5494","4"
"5495","1"
"5496","4"
"5497","1"
"5498","0"
"5499","11"
"5500","1"
"5501","0"
"5502","1"
"5503","0"
"5504","3"
"5505","0"
"5506","6"
"5507","5"
"5508","0"
"5509","3"
"5510","3"
"5511","1"
"5512","11"
"5513","0"
"5514","0"
"5515","0"
"5516","1"
"5517","0"
"5518","2"
"5519","0"
"5520","1"
"5521","1"
"5522","0"
"5523","0"
"5524","2"
"5525","4"
"5526","1"
"5527","0"
"5528","0"
"5529","4"
"5530","2"
"5531","2"
"5532","0"
"5533","0"
"5534","0"
"5535","6"
"5536","1"
"5537","0"
"5538","1"
"5539","2"
"5540","0"
"5541","4"
"5542","1"
"5543","0"
"5544","4"
"5545","1"
"5546","2"
"5547","4"
"5548","1"
"5549","7"
"5550","2"
"5551","12"
"5552","0"
"5553","0"
"5554","1"
"5555","2"
"5556","1"
"5557","1"
"5558","0"
"5559","12"
"5560","2"
"5561","5"
"5562","1"
"5563","1"
"5564","3"
"5565","0"
"5566","0"
"5567","0"
"5568","1"
"5569","1"
"5570","3"
"5571","4"
"5572","3"
"5573","0"
"5574","0"
"5575","0"
"5576","0"
"5577","2"
"5578","4"
"5579","3"
"5580","0"
"5581","1"
"5582","2"
"5583","3"
"5584","3"
"5585","1"
"5586","0"
"5587","0"
"5588","4"
"5589","3"
"5590","0"
"5591","6"
"5592","12"
"5593","5"
"5594","2"
"5595","1"
"5596","13"
"5597","0"
"5598","2"
"5599","5"
"5600","1"
"5601","2"
"5602","0"
"5603","5"
"5604","0"
"5605","3"
"5606","0"
"5607","0"
"5608","0"
"5609","1"
"5610","2"
"5611","13"
"5612","5"
"5613","1"
"5614","7"
"5615","7"
"5616","7"
"5617","3"
"5618","0"
"5619","3"
"5620","9"
"5621","0"
"5622","0"
"5623","0"
"5624","11"
"5625","8"
"5626","1"
"5627","0"
"5628","0"
"5629","1"
"5630","1"
"5631","1"
"5632","4"
"5633","0"
"5634","3"
"5635","1"
"5636","0"
"5637","1"
"5638","4"
"5639","0"
"5640","0"
"5641","0"
"5642","3"
"5643","0"
"5644","12"
"5645","0"
"5646","3"
"5647","11"
"5648","0"
"5649","1"
"5650","2"
"5651","1"
"5652","13"
"5653","0"
"5654","0"
"5655","2"
"5656","0"
"5657","3"
"5658","1"
"5659","3"
"5660","1"
"5661","1"
"5662","4"
"5663","5"
"5664","3"
"5665","2"
"5666","2"
"5667","2"
"5668","3"
"5669","0"
"5670","0"
"5671","2"
"5672","3"
"5673","2"
"5674","2"
"5675","1"
"5676","4"
"5677","2"
"5678","1"
"5679","3"
"5680","3"
"5681","1"
"5682","1"
"5683","0"
"5684","0"
"5685","2"
"5686","3"
"5687","0"
"5688","3"
"5689","3"
"5690","0"
"5691","11"
"5692","6"
"5693","1"
"5694","2"
"5695","5"
"5696","3"
"5697","5"
"5698","1"
"5699","2"
"5700","0"
"5701","2"
"5702","4"
"5703","2"
"5704","1"
"5705","1"
"5706","0"
"5707","9"
"5708","1"
"5709","2"
"5710","0"
"5711","1"
"5712","1"
"5713","1"
"5714","0"
"5715","0"
"5716","0"
"5717","0"
"5718","0"
"5719","4"
"5720","0"
"5721","1"
"5722","4"
"5723","0"
"5724","1"
"5725","0"
"5726","4"
"5727","2"
"5728","0"
"5729","1"
"5730","0"
"5731","0"
"5732","6"
"5733","0"
"5734","0"
"5735","3"
"5736","10"
"5737","2"
"5738","1"
"5739","0"
"5740","3"
"5741","3"
"5742","0"
"5743","2"
"5744","0"
"5745","2"
"5746","4"
"5747","0"
"5748","0"
"5749","3"
"5750","0"
"5751","0"
"5752","4"
"5753","5"
"5754","3"
"5755","3"
"5756","0"
"5757","3"
"5758","0"
"5759","2"
"5760","3"
"5761","3"
"5762","1"
"5763","3"
"5764","1"
"5765","1"
"5766","12"
"5767","0"
"5768","2"
"5769","4"
"5770","2"
"5771","4"
"5772","1"
"5773","4"
"5774","0"
"5775","8"
"5776","1"
"5777","3"
"5778","0"
"5779","3"
"5780","1"
"5781","0"
"5782","2"
"5783","13"
"5784","1"
"5785","0"
"5786","5"
"5787","4"
"5788","4"
"5789","3"
"5790","10"
"5791","1"
"5792","3"
"5793","1"
"5794","1"
"5795","1"
"5796","1"
"5797","12"
"5798","0"
"5799","8"
"5800","0"
"5801","4"
"5802","1"
"5803","1"
"5804","3"
"5805","1"
"5806","10"
"5807","4"
"5808","10"
"5809","0"
"5810","10"
"5811","11"
"5812","7"
"5813","2"
"5814","0"
"5815","0"
"5816","3"
"5817","8"
"5818","2"
"5819","0"
"5820","0"
"5821","2"
"5822","0"
"5823","2"
"5824","0"
"5825","7"
"5826","1"
"5827","0"
"5828","2"
"5829","3"
"5830","0"
"5831","13"
"5832","1"
"5833","1"
"5834","3"
"5835","1"
"5836","9"
"5837","1"
"5838","0"
"5839","1"
"5840","13"
"5841","2"
"5842","2"
"5843","1"
"5844","1"
"5845","2"
"5846","1"
"5847","4"
"5848","2"
"5849","0"
"5850","1"
"5851","0"
"5852","0"
"5853","0"
"5854","0"
"5855","3"
"5856","0"
"5857","6"
"5858","6"
"5859","1"
"5860","0"
"5861","2"
"5862","0"
"5863","2"
"5864","1"
"5865","0"
"5866","12"
"5867","3"
"5868","1"
"5869","0"
"5870","0"
"5871","5"
"5872","1"
"5873","1"
"5874","2"
"5875","1"
"5876","1"
"5877","1"
"5878","0"
"5879","1"
"5880","0"
"5881","1"
"5882","3"
"5883","0"
"5884","0"
"5885","2"
"5886","0"
"5887","11"
"5888","1"
"5889","0"
"5890","0"
"5891","2"
"5892","0"
"5893","0"
"5894","2"
"5895","0"
"5896","0"
"5897","0"
"5898","4"
"5899","3"
"5900","1"
"5901","0"
"5902","12"
"5903","1"
"5904","7"
"5905","2"
"5906","2"
"5907","3"
"5908","9"
"5909","2"
"5910","1"
"5911","7"
"5912","1"
"5913","0"
"5914","0"
"5915","0"
"5916","0"
"5917","11"
"5918","2"
"5919","0"
"5920","4"
"5921","3"
"5922","1"
"5923","3"
"5924","6"
"5925","8"
"5926","0"
"5927","8"
"5928","1"
"5929","0"
"5930","0"
"5931","2"
"5932","2"
"5933","1"
"5934","1"
"5935","1"
"5936","0"
"5937","2"
"5938","1"
"5939","1"
"5940","0"
"5941","3"
"5942","1"
"5943","4"
"5944","10"
"5945","0"
"5946","3"
"5947","0"
"5948","1"
"5949","2"
"5950","0"
"5951","0"
"5952","2"
"5953","1"
"5954","0"
"5955","9"
"5956","0"
"5957","2"
"5958","0"
"5959","4"
"5960","2"
"5961","2"
"5962","1"
"5963","3"
"5964","1"
"5965","12"
"5966","8"
"5967","0"
"5968","0"
"5969","0"
"5970","1"
"5971","0"
"5972","0"
"5973","13"
"5974","10"
"5975","7"
"5976","10"
"5977","4"
"5978","1"
"5979","0"
"5980","6"
"5981","0"
"5982","2"
"5983","8"
"5984","3"
"5985","1"
"5986","5"
"5987","3"
"5988","2"
"5989","1"
"5990","2"
"5991","0"
"5992","2"
"5993","13"
"5994","6"
"5995","5"
"5996","3"
"5997","0"
"5998","2"
"5999","1"
"6000","0"
"6001","10"
"6002","0"
"6003","2"
"6004","1"
"6005","11"
"6006","0"
"6007","2"
"6008","1"
"6009","3"
"6010","5"
"6011","0"
"6012","1"
"6013","6"
"6014","7"
"6015","1"
"6016","1"
"6017","0"
"6018","0"
"6019","1"
"6020","2"
"6021","1"
"6022","3"
"6023","11"
"6024","1"
"6025","1"
"6026","5"
"6027","0"
"6028","1"
"6029","7"
"6030","1"
"6031","0"
"6032","10"
"6033","3"
"6034","0"
"6035","0"
"6036","10"
"6037","5"
"6038","3"
"6039","3"
"6040","0"
"6041","8"
"6042","3"
"6043","0"
"6044","6"
"6045","1"
"6046","3"
"6047","0"
"6048","2"
"6049","0"
"6050","2"
"6051","0"
"6052","0"
"6053","0"
"6054","4"
"6055","3"
"6056","4"
"6057","3"
"6058","0"
"6059","3"
"6060","2"
"6061","2"
"6062","3"
"6063","2"
"6064","4"
"6065","0"
"6066","3"
"6067","9"
"6068","1"
"6069","0"
"6070","2"
"6071","0"
"6072","1"
"6073","0"
"6074","3"
"6075","3"
"6076","3"
"6077","1"
"6078","3"
"6079","3"
"6080","8"
"6081","0"
"6082","9"
"6083","0"
"6084","0"
"6085","0"
"6086","2"
"6087","0"
"6088","6"
"6089","10"
"6090","2"
"6091","0"
"6092","3"
"6093","8"
"6094","3"
"6095","9"
"6096","2"
"6097","2"
"6098","2"
"6099","0"
"6100","0"
"6101","4"
"6102","1"
"6103","1"
"6104","7"
"6105","1"
"6106","2"
"6107","2"
"6108","1"
"6109","2"
"6110","3"
"6111","5"
"6112","3"
"6113","1"
"6114","3"
"6115","3"
"6116","1"
"6117","2"
"6118","0"
"6119","3"
"6120","1"
"6121","10"
"6122","2"
"6123","2"
"6124","2"
"6125","8"
"6126","5"
"6127","2"
"6128","10"
"6129","11"
"6130","0"
"6131","7"
"6132","2"
"6133","4"
"6134","0"
"6135","2"
"6136","12"
"6137","0"
"6138","2"
"6139","0"
"6140","0"
"6141","0"
"6142","2"
"6143","2"
"6144","3"
"6145","7"
"6146","2"
"6147","2"
"6148","0"
"6149","0"
"6150","5"
"6151","0"
"6152","2"
"6153","0"
"6154","1"
"6155","2"
"6156","0"
"6157","0"
"6158","5"
"6159","0"
"6160","2"
"6161","5"
"6162","0"
"6163","1"
"6164","0"
"6165","2"
"6166","1"
"6167","2"
"6168","10"
"6169","0"
"6170","4"
"6171","6"
"6172","5"
"6173","12"
"6174","5"
"6175","4"
"6176","0"
"6177","1"
"6178","0"
"6179","0"
"6180","0"
"6181","2"
"6182","0"
"6183","0"
"6184","11"
"6185","1"
"6186","12"
"6187","0"
"6188","0"
"6189","2"
"6190","0"
"6191","1"
"6192","0"
"6193","7"
"6194","4"
"6195","5"
"6196","0"
"6197","3"
"6198","0"
"6199","7"
"6200","10"
"6201","0"
"6202","0"
"6203","1"
"6204","10"
"6205","3"
"6206","6"
"6207","0"
"6208","4"
"6209","0"
"6210","2"
"6211","0"
"6212","1"
"6213","0"
"6214","1"
"6215","3"
"6216","2"
"6217","0"
"6218","2"
"6219","0"
"6220","4"
"6221","0"
"6222","0"
"6223","8"
"6224","0"
"6225","6"
"6226","0"
"6227","0"
"6228","3"
"6229","0"
"6230","2"
"6231","3"
"6232","2"
"6233","5"
"6234","2"
"6235","0"
"6236","0"
"6237","10"
"6238","1"
"6239","6"
"6240","0"
"6241","1"
"6242","1"
"6243","1"
"6244","6"
"6245","0"
"6246","0"
"6247","4"
"6248","4"
"6249","0"
"6250","0"
"6251","8"
"6252","3"
"6253","4"
"6254","7"
"6255","0"
"6256","0"
"6257","0"
"6258","0"
"6259","1"
"6260","4"
"6261","3"
"6262","2"
"6263","4"
"6264","1"
"6265","1"
"6266","0"
"6267","1"
"6268","0"
"6269","3"
"6270","2"
"6271","0"
"6272","6"
"6273","4"
"6274","11"
"6275","0"
"6276","4"
"6277","0"
"6278","0"
"6279","0"
"6280","7"
"6281","6"
"6282","0"
"6283","2"
"6284","1"
"6285","1"
"6286","9"
"6287","2"
"6288","4"
"6289","3"
"6290","2"
"6291","0"
"6292","1"
"6293","5"
"6294","1"
"6295","2"
"6296","1"
"6297","0"
"6298","0"
"6299","0"
"6300","0"
"6301","12"
"6302","0"
"6303","1"
"6304","0"
"6305","1"
"6306","0"
"6307","1"
"6308","3"
"6309","2"
"6310","5"
"6311","2"
"6312","1"
"6313","1"
"6314","1"
"6315","0"
"6316","0"
"6317","0"
"6318","3"
"6319","2"
"6320","1"
"6321","5"
"6322","2"
"6323","0"
"6324","0"
"6325","2"
"6326","3"
"6327","2"
"6328","0"
"6329","9"
"6330","0"
"6331","2"
"6332","0"
"6333","11"
"6334","4"
"6335","2"
"6336","0"
"6337","7"
"6338","0"
"6339","2"
"6340","1"
"6341","13"
"6342","0"
"6343","3"
"6344","2"
"6345","0"
"6346","2"
"6347","0"
"6348","1"
"6349","1"
"6350","0"
"6351","0"
"6352","2"
"6353","0"
"6354","8"
"6355","1"
"6356","0"
"6357","4"
"6358","1"
"6359","1"
"6360","0"
"6361","0"
"6362","2"
"6363","0"
"6364","2"
"6365","9"
"6366","1"
"6367","1"
"6368","0"
"6369","5"
"6370","5"
"6371","1"
"6372","0"
"6373","3"
"6374","1"
"6375","4"
"6376","0"
"6377","1"
"6378","0"
"6379","3"
"6380","3"
"6381","2"
"6382","0"
"6383","3"
"6384","2"
"6385","3"
"6386","3"
"6387","1"
"6388","2"
"6389","0"
"6390","2"
"6391","3"
"6392","3"
"6393","0"
"6394","0"
"6395","0"
"6396","1"
"6397","2"
"6398","0"
"6399","3"
"6400","3"
"6401","3"
"6402","3"
"6403","0"
"6404","2"
"6405","1"
"6406","1"
"6407","7"
"6408","0"
"6409","6"
"6410","2"
"6411","9"
"6412","2"
"6413","0"
"6414","3"
"6415","0"
"6416","1"
"6417","0"
"6418","0"
"6419","2"
"6420","12"
"6421","2"
"6422","5"
"6423","2"
"6424","0"
"6425","3"
"6426","2"
"6427","1"
"6428","2"
"6429","0"
"6430","5"
"6431","0"
"6432","0"
"6433","6"
"6434","2"
"6435","3"
"6436","2"
"6437","0"
"6438","0"
"6439","0"
"6440","0"
"6441","1"
"6442","0"
"6443","0"
"6444","0"
"6445","2"
"6446","6"
"6447","2"
"6448","0"
"6449","0"
"6450","1"
"6451","1"
"6452","7"
"6453","0"
"6454","0"
"6455","1"
"6456","0"
"6457","1"
"6458","1"
"6459","10"
"6460","2"
"6461","1"
"6462","0"
"6463","6"
"6464","3"
"6465","0"
"6466","0"
"6467","3"
"6468","3"
"6469","0"
"6470","7"
"6471","1"
"6472","2"
"6473","0"
"6474","1"
"6475","1"
"6476","2"
"6477","1"
"6478","0"
"6479","3"
"6480","1"
"6481","1"
"6482","3"
"6483","9"
"6484","1"
"6485","2"
"6486","1"
"6487","4"
"6488","0"
"6489","0"
"6490","1"
"6491","0"
"6492","7"
"6493","0"
"6494","1"
"6495","4"
"6496","0"
"6497","1"
"6498","0"
"6499","0"
"6500","6"
"6501","0"
"6502","1"
"6503","0"
"6504","1"
"6505","1"
"6506","3"
"6507","1"
"6508","1"
"6509","0"
"6510","2"
"6511","3"
"6512","1"
"6513","1"
"6514","3"
"6515","1"
"6516","3"
"6517","1"
"6518","1"
"6519","13"
"6520","3"
"6521","0"
"6522","0"
"6523","3"
"6524","1"
"6525","2"
"6526","1"
"6527","3"
"6528","0"
"6529","7"
"6530","0"
"6531","0"
"6532","9"
"6533","0"
"6534","1"
"6535","2"
"6536","0"
"6537","8"
"6538","0"
"6539","3"
"6540","7"
"6541","0"
"6542","0"
"6543","7"
"6544","8"
"6545","0"
"6546","1"
"6547","1"
"6548","2"
"6549","3"
"6550","0"
"6551","1"
"6552","0"
"6553","2"
"6554","1"
"6555","2"
"6556","13"
"6557","6"
"6558","6"
"6559","0"
"6560","0"
"6561","0"
"6562","0"
"6563","0"
"6564","3"
"6565","0"
"6566","0"
"6567","3"
"6568","9"
"6569","1"
"6570","0"
"6571","0"
"6572","7"
"6573","3"
"6574","1"
"6575","0"
"6576","2"
"6577","0"
"6578","5"
"6579","3"
"6580","1"
"6581","4"
"6582","0"
"6583","9"
"6584","1"
"6585","3"
"6586","1"
"6587","2"
"6588","1"
"6589","10"
"6590","5"
"6591","13"
"6592","0"
"6593","1"
"6594","0"
"6595","2"
"6596","9"
"6597","0"
"6598","4"
"6599","3"
"6600","3"
"6601","0"
"6602","1"
"6603","1"
"6604","13"
"6605","10"
"6606","11"
"6607","1"
"6608","8"
"6609","3"
"6610","0"
"6611","0"
"6612","1"
"6613","3"
"6614","1"
"6615","4"
"6616","1"
"6617","0"
"6618","8"
"6619","3"
"6620","8"
"6621","7"
"6622","0"
"6623","4"
"6624","0"
"6625","0"
"6626","6"
"6627","8"
"6628","3"
"6629","3"
"6630","1"
"6631","4"
"6632","0"
"6633","8"
"6634","7"
"6635","6"
"6636","6"
"6637","3"
"6638","1"
"6639","1"
"6640","11"
"6641","2"
"6642","4"
"6643","0"
"6644","0"
"6645","4"
"6646","3"
"6647","2"
"6648","0"
"6649","0"
"6650","3"
"6651","9"
"6652","1"
"6653","0"
"6654","10"
"6655","10"
"6656","0"
"6657","1"
"6658","0"
"6659","2"
"6660","2"
"6661","3"
"6662","1"
"6663","4"
"6664","1"
"6665","7"
"6666","0"
"6667","3"
"6668","1"
"6669","0"
"6670","1"
"6671","10"
"6672","8"
"6673","1"
"6674","0"
"6675","10"
"6676","2"
"6677","1"
"6678","1"
"6679","3"
"6680","3"
"6681","2"
"6682","8"
"6683","10"
"6684","3"
"6685","5"
"6686","1"
"6687","5"
"6688","1"
"6689","3"
"6690","2"
"6691","2"
"6692","4"
"6693","0"
"6694","3"
"6695","9"
"6696","2"
"6697","1"
"6698","0"
"6699","1"
"6700","2"
"6701","3"
"6702","2"
"6703","4"
"6704","1"
"6705","0"
"6706","1"
"6707","3"
"6708","3"
"6709","7"
"6710","1"
"6711","4"
"6712","1"
"6713","2"
"6714","2"
"6715","3"
"6716","7"
"6717","1"
"6718","2"
"6719","0"
"6720","0"
"6721","1"
"6722","3"
"6723","9"
"6724","0"
"6725","11"
"6726","3"
"6727","10"
"6728","0"
"6729","1"
"6730","3"
"6731","0"
"6732","9"
"6733","2"
"6734","0"
"6735","3"
"6736","0"
"6737","2"
"6738","10"
"6739","2"
"6740","8"
"6741","9"
"6742","0"
"6743","2"
"6744","0"
"6745","2"
"6746","3"
"6747","1"
"6748","2"
"6749","0"
"6750","1"
"6751","4"
"6752","12"
"6753","2"
"6754","8"
"6755","7"
"6756","2"
"6757","0"
"6758","2"
"6759","0"
"6760","2"
"6761","0"
"6762","5"
"6763","2"
"6764","0"
"6765","0"
"6766","2"
"6767","2"
"6768","2"
"6769","12"
"6770","4"
"6771","0"
"6772","6"
"6773","11"
"6774","2"
"6775","4"
"6776","1"
"6777","1"
"6778","2"
"6779","2"
"6780","1"
"6781","2"
"6782","2"
"6783","2"
"6784","13"
"6785","1"
"6786","7"
"6787","0"
"6788","2"
"6789","0"
"6790","1"
"6791","4"
"6792","0"
"6793","0"
"6794","0"
"6795","1"
"6796","0"
"6797","4"
"6798","5"
"6799","2"
"6800","0"
"6801","5"
"6802","3"
"6803","5"
"6804","5"
"6805","1"
"6806","4"
"6807","2"
"6808","4"
"6809","3"
"6810","2"
"6811","2"
"6812","0"
"6813","1"
"6814","0"
"6815","2"
"6816","0"
"6817","0"
"6818","0"
"6819","2"
"6820","0"
"6821","0"
"6822","0"
"6823","11"
"6824","1"
"6825","0"
"6826","1"
"6827","8"
"6828","3"
"6829","4"
"6830","1"
"6831","10"
"6832","1"
"6833","3"
"6834","3"
"6835","4"
"6836","4"
"6837","0"
"6838","2"
"6839","4"
"6840","0"
"6841","0"
"6842","1"
"6843","2"
"6844","2"
"6845","2"
"6846","4"
"6847","4"
"6848","0"
"6849","7"
"6850","0"
"6851","1"
"6852","1"
"6853","4"
"6854","5"
"6855","1"
"6856","1"
"6857","10"
"6858","1"
"6859","10"
"6860","1"
"6861","5"
"6862","4"
"6863","1"
"6864","0"
"6865","1"
"6866","2"
"6867","0"
"6868","1"
"6869","0"
"6870","11"
"6871","3"
"6872","3"
"6873","11"
"6874","0"
"6875","7"
"6876","0"
"6877","0"
"6878","2"
"6879","3"
"6880","1"
"6881","2"
"6882","2"
"6883","12"
"6884","2"
"6885","1"
"6886","0"
"6887","3"
"6888","3"
"6889","2"
"6890","1"
"6891","0"
"6892","0"
"6893","1"
"6894","0"
"6895","0"
"6896","2"
"6897","1"
"6898","0"
"6899","2"
"6900","2"
"6901","2"
"6902","0"
"6903","0"
"6904","1"
"6905","1"
"6906","0"
"6907","10"
"6908","1"
"6909","2"
"6910","5"
"6911","2"
"6912","1"
"6913","7"
"6914","0"
"6915","0"
"6916","2"
"6917","4"
"6918","2"
"6919","13"
"6920","4"
"6921","2"
"6922","7"
"6923","1"
"6924","1"
"6925","1"
"6926","3"
"6927","0"
"6928","0"
"6929","0"
"6930","0"
"6931","2"
"6932","0"
"6933","4"
"6934","5"
"6935","8"
"6936","5"
"6937","6"
"6938","10"
"6939","10"
"6940","1"
"6941","2"
"6942","8"
"6943","1"
"6944","0"
"6945","13"
"6946","0"
"6947","5"
"6948","2"
"6949","0"
"6950","0"
"6951","0"
"6952","1"
"6953","10"
"6954","2"
"6955","5"
"6956","0"
"6957","2"
"6958","0"
"6959","2"
"6960","0"
"6961","4"
"6962","2"
"6963","5"
"6964","0"
"6965","5"
"6966","2"
"6967","4"
"6968","10"
"6969","2"
"6970","6"
"6971","4"
"6972","0"
"6973","0"
"6974","2"
"6975","2"
"6976","2"
"6977","1"
"6978","4"
"6979","0"
"6980","0"
"6981","0"
"6982","0"
"6983","0"
"6984","0"
"6985","0"
"6986","3"
"6987","5"
"6988","1"
"6989","4"
"6990","0"
"6991","4"
"6992","3"
"6993","0"
"6994","1"
"6995","0"
"6996","3"
"6997","0"
"6998","5"
"6999","6"
"7000","1"
"7001","0"
"7002","1"
"7003","0"
"7004","0"
"7005","1"
"7006","0"
"7007","5"
"7008","2"
"7009","2"
"7010","2"
"7011","0"
"7012","0"
"7013","0"
"7014","9"
"7015","2"
"7016","8"
"7017","0"
"7018","0"
"7019","0"
"7020","7"
"7021","0"
"7022","0"
"7023","1"
"7024","7"
"7025","0"
"7026","3"
"7027","0"
"7028","0"
"7029","0"
"7030","0"
"7031","2"
"7032","4"
"7033","1"
"7034","3"
"7035","1"
"7036","0"
"7037","0"
"7038","0"
"7039","2"
"7040","3"
"7041","0"
"7042","0"
"7043","4"
"7044","1"
"7045","6"
"7046","0"
"7047","1"
"7048","2"
"7049","2"
"7050","3"
"7051","0"
"7052","6"
"7053","1"
"7054","0"
"7055","0"
"7056","2"
"7057","2"
"7058","0"
"7059","3"
"7060","11"
"7061","3"
"7062","0"
"7063","6"
"7064","1"
"7065","0"
"7066","2"
"7067","10"
"7068","3"
"7069","0"
"7070","13"
"7071","3"
"7072","7"
"7073","1"
"7074","3"
"7075","1"
"7076","0"
"7077","9"
"7078","1"
"7079","1"
"7080","1"
"7081","0"
"7082","6"
"7083","8"
"7084","11"
"7085","3"
"7086","0"
"7087","1"
"7088","5"
"7089","2"
"7090","0"
"7091","2"
"7092","1"
"7093","2"
"7094","2"
"7095","0"
"7096","2"
"7097","1"
"7098","0"
"7099","2"
"7100","0"
"7101","0"
"7102","0"
"7103","0"
"7104","3"
"7105","1"
"7106","0"
"7107","3"
"7108","3"
"7109","0"
"7110","0"
"7111","1"
"7112","0"
"7113","1"
"7114","1"
"7115","0"
"7116","5"
"7117","0"
"7118","1"
"7119","1"
"7120","11"
"7121","2"
"7122","4"
"7123","2"
"7124","5"
"7125","0"
"7126","0"
"7127","0"
"7128","3"
"7129","0"
"7130","0"
"7131","0"
"7132","3"
"7133","1"
"7134","0"
"7135","1"
"7136","3"
"7137","0"
"7138","0"
"7139","1"
"7140","4"
"7141","2"
"7142","3"
"7143","5"
"7144","1"
"7145","1"
"7146","4"
"7147","1"
"7148","3"
"7149","3"
"7150","0"
"7151","5"
"7152","2"
"7153","0"
"7154","4"
"7155","1"
"7156","7"
"7157","2"
"7158","10"
"7159","1"
"7160","0"
"7161","10"
"7162","0"
"7163","5"
"7164","6"
"7165","2"
"7166","2"
"7167","0"
"7168","5"
"7169","3"
"7170","3"
"7171","7"
"7172","3"
"7173","9"
"7174","0"
"7175","6"
"7176","1"
"7177","12"
"7178","3"
"7179","0"
"7180","3"
"7181","3"
"7182","0"
"7183","0"
"7184","3"
"7185","0"
"7186","0"
"7187","3"
"7188","1"
"7189","4"
"7190","2"
"7191","1"
"7192","1"
"7193","0"
"7194","0"
"7195","4"
"7196","3"
"7197","6"
"7198","2"
"7199","0"
"7200","1"
"7201","2"
"7202","1"
"7203","1"
"7204","0"
"7205","8"
"7206","0"
"7207","7"
"7208","0"
"7209","0"
"7210","1"
"7211","3"
"7212","2"
"7213","1"
"7214","3"
"7215","2"
"7216","6"
"7217","5"
"7218","1"
"7219","1"
"7220","1"
"7221","2"
"7222","3"
"7223","1"
"7224","12"
"7225","0"
"7226","7"
"7227","12"
"7228","1"
"7229","1"
"7230","8"
"7231","0"
"7232","2"
"7233","2"
"7234","5"
"7235","0"
"7236","0"
"7237","0"
"7238","5"
"7239","11"
"7240","1"
"7241","4"
"7242","0"
"7243","4"
"7244","1"
"7245","3"
"7246","1"
"7247","0"
"7248","1"
"7249","3"
"7250","0"
"7251","3"
"7252","2"
"7253","4"
"7254","0"
"7255","2"
"7256","0"
"7257","0"
"7258","7"
"7259","1"
"7260","9"
"7261","1"
"7262","1"
"7263","1"
"7264","10"
"7265","1"
"7266","3"
"7267","1"
"7268","2"
"7269","0"
"7270","2"
"7271","5"
"7272","3"
"7273","1"
"7274","1"
"7275","6"
"7276","0"
"7277","1"
"7278","0"
"7279","0"
"7280","1"
"7281","5"
"7282","1"
"7283","0"
"7284","6"
"7285","1"
"7286","1"
"7287","4"
"7288","2"
"7289","2"
"7290","2"
"7291","1"
"7292","1"
"7293","2"
"7294","0"
"7295","0"
"7296","2"
"7297","0"
"7298","4"
"7299","0"
"7300","3"
"7301","2"
"7302","4"
"7303","1"
"7304","4"
"7305","1"
"7306","2"
"7307","4"
"7308","1"
"7309","1"
"7310","1"
"7311","8"
"7312","1"
"7313","1"
"7314","9"
"7315","0"
"7316","8"
"7317","1"
"7318","0"
"7319","3"
"7320","0"
"7321","0"
"7322","2"
"7323","0"
"7324","3"
"7325","4"
"7326","2"
"7327","3"
"7328","2"
"7329","6"
"7330","1"
"7331","0"
"7332","3"
"7333","1"
"7334","3"
"7335","3"
"7336","3"
"7337","1"
"7338","0"
"7339","1"
"7340","1"
"7341","10"
"7342","3"
"7343","1"
"7344","9"
"7345","3"
"7346","1"
"7347","7"
"7348","8"
"7349","5"
"7350","3"
"7351","0"
"7352","0"
"7353","3"
"7354","0"
"7355","3"
"7356","2"
"7357","3"
"7358","8"
"7359","1"
"7360","3"
"7361","4"
"7362","3"
"7363","0"
"7364","0"
"7365","2"
"7366","8"
"7367","0"
"7368","0"
"7369","0"
"7370","8"
"7371","3"
"7372","0"
"7373","0"
"7374","2"
"7375","0"
"7376","2"
"7377","0"
"7378","0"
"7379","0"
"7380","2"
"7381","6"
"7382","4"
"7383","2"
"7384","3"
"7385","1"
"7386","3"
"7387","2"
"7388","0"
"7389","3"
"7390","1"
"7391","6"
"7392","2"
"7393","0"
"7394","9"
"7395","1"
"7396","3"
"7397","0"
"7398","2"
"7399","1"
"7400","1"
"7401","0"
"7402","3"
"7403","0"
"7404","1"
"7405","5"
"7406","0"
"7407","6"
"7408","0"
"7409","0"
"7410","0"
"7411","2"
"7412","0"
"7413","10"
"7414","2"
"7415","0"
"7416","0"
"7417","4"
"7418","0"
"7419","2"
"7420","0"
"7421","2"
"7422","2"
"7423","2"
"7424","3"
"7425","2"
"7426","2"
"7427","0"
"7428","4"
"7429","0"
"7430","5"
"7431","5"
"7432","2"
"7433","10"
"7434","2"
"7435","6"
"7436","1"
"7437","1"
"7438","0"
"7439","1"
"7440","2"
"7441","0"
"7442","2"
"7443","0"
"7444","0"
"7445","5"
"7446","0"
"7447","7"
"7448","1"
"7449","4"
"7450","0"
"7451","3"
"7452","4"
"7453","2"
"7454","7"
"7455","3"
"7456","2"
"7457","1"
"7458","5"
"7459","0"
"7460","1"
"7461","1"
"7462","2"
"7463","13"
"7464","0"
"7465","2"
"7466","0"
"7467","3"
"7468","3"
"7469","3"
"7470","2"
"7471","0"
"7472","5"
"7473","1"
"7474","2"
"7475","4"
"7476","0"
"7477","2"
"7478","1"
"7479","0"
"7480","0"
"7481","1"
"7482","3"
"7483","1"
"7484","11"
"7485","0"
"7486","0"
"7487","3"
"7488","5"
"7489","2"
"7490","2"
"7491","4"
"7492","1"
"7493","1"
"7494","0"
"7495","6"
"7496","2"
"7497","0"
"7498","0"
"7499","2"
"7500","0"
"7501","0"
"7502","3"
"7503","3"
"7504","5"
"7505","4"
"7506","3"
"7507","1"
"7508","3"
"7509","0"
"7510","3"
"7511","6"
"7512","0"
"7513","0"
"7514","4"
"7515","1"
"7516","3"
"7517","3"
"7518","1"
"7519","2"
"7520","1"
"7521","4"
"7522","0"
"7523","2"
"7524","10"
"7525","0"
"7526","3"
"7527","5"
"7528","2"
"7529","12"
"7530","0"
"7531","4"
"7532","0"
"7533","2"
"7534","4"
"7535","0"
"7536","2"
"7537","2"
"7538","0"
"7539","1"
"7540","5"
"7541","1"
"7542","4"
"7543","4"
"7544","1"
"7545","1"
"7546","2"
"7547","0"
"7548","3"
"7549","1"
"7550","4"
"7551","3"
"7552","2"
"7553","0"
"7554","0"
"7555","1"
"7556","1"
"7557","0"
"7558","0"
"7559","3"
"7560","2"
"7561","8"
"7562","1"
"7563","1"
"7564","1"
"7565","3"
"7566","0"
"7567","0"
"7568","2"
"7569","2"
"7570","0"
"7571","1"
"7572","3"
"7573","5"
"7574","2"
"7575","1"
"7576","0"
"7577","11"
"7578","7"
"7579","3"
"7580","3"
"7581","4"
"7582","2"
"7583","0"
"7584","1"
"7585","0"
"7586","2"
"7587","5"
"7588","1"
"7589","2"
"7590","3"
"7591","1"
"7592","12"
"7593","0"
"7594","2"
"7595","0"
"7596","4"
"7597","12"
"7598","0"
"7599","2"
"7600","0"
"7601","1"
"7602","1"
"7603","2"
"7604","2"
"7605","0"
"7606","1"
"7607","3"
"7608","13"
"7609","0"
"7610","13"
"7611","1"
"7612","0"
"7613","0"
"7614","1"
"7615","2"
"7616","8"
"7617","4"
"7618","2"
"7619","3"
"7620","2"
"7621","2"
"7622","0"
"7623","1"
"7624","1"
"7625","3"
"7626","7"
"7627","0"
"7628","2"
"7629","5"
"7630","2"
"7631","0"
"7632","3"
"7633","1"
"7634","0"
"7635","3"
"7636","7"
"7637","0"
"7638","0"
"7639","0"
"7640","0"
"7641","0"
"7642","3"
"7643","2"
"7644","2"
"7645","1"
"7646","3"
"7647","1"
"7648","0"
"7649","3"
"7650","4"
"7651","7"
"7652","1"
"7653","3"
"7654","0"
"7655","3"
"7656","0"
"7657","2"
"7658","0"
"7659","3"
"7660","9"
"7661","2"
"7662","2"
"7663","3"
"7664","1"
"7665","0"
"7666","6"
"7667","4"
"7668","1"
"7669","0"
"7670","0"
"7671","7"
"7672","2"
"7673","4"
"7674","2"
"7675","0"
"7676","0"
"7677","3"
"7678","3"
"7679","2"
"7680","5"
"7681","1"
"7682","0"
"7683","0"
"7684","1"
"7685","1"
"7686","3"
"7687","2"
"7688","1"
"7689","3"
"7690","6"
"7691","2"
"7692","0"
"7693","1"
"7694","11"
"7695","0"
"7696","2"
"7697","0"
"7698","2"
"7699","1"
"7700","3"
"7701","1"
"7702","2"
"7703","0"
"7704","2"
"7705","12"
"7706","0"
"7707","0"
"7708","1"
"7709","3"
"7710","1"
"7711","0"
"7712","6"
"7713","1"
"7714","1"
"7715","3"
"7716","0"
"7717","3"
"7718","4"
"7719","3"
"7720","3"
"7721","2"
"7722","1"
"7723","2"
"7724","0"
"7725","3"
"7726","1"
"7727","1"
"7728","2"
"7729","2"
"7730","0"
"7731","0"
"7732","4"
"7733","8"
"7734","0"
"7735","3"
"7736","2"
"7737","3"
"7738","2"
"7739","2"
"7740","9"
"7741","6"
"7742","2"
"7743","0"
"7744","1"
"7745","13"
"7746","0"
"7747","2"
"7748","2"
"7749","5"
"7750","3"
"7751","0"
"7752","0"
"7753","2"
"7754","3"
"7755","2"
"7756","1"
"7757","0"
"7758","1"
"7759","3"
"7760","0"
"7761","3"
"7762","3"
"7763","0"
"7764","0"
"7765","8"
"7766","4"
"7767","2"
"7768","1"
"7769","2"
"7770","2"
"7771","0"
"7772","3"
"7773","2"
"7774","0"
"7775","0"
"7776","6"
"7777","0"
"7778","9"
"7779","1"
"7780","1"
"7781","1"
"7782","9"
"7783","4"
"7784","6"
"7785","1"
"7786","1"
"7787","0"
"7788","2"
"7789","1"
"7790","3"
"7791","2"
"7792","2"
"7793","5"
"7794","3"
"7795","0"
"7796","0"
"7797","0"
"7798","5"
"7799","0"
"7800","1"
"7801","0"
"7802","0"
"7803","4"
"7804","1"
"7805","3"
"7806","1"
"7807","13"
"7808","0"
"7809","2"
"7810","1"
"7811","0"
"7812","1"
"7813","0"
"7814","2"
"7815","5"
"7816","1"
"7817","11"
"7818","0"
"7819","0"
"7820","2"
"7821","1"
"7822","8"
"7823","1"
"7824","3"
"7825","12"
"7826","4"
"7827","2"
"7828","8"
"7829","5"
"7830","1"
"7831","1"
"7832","2"
"7833","0"
"7834","4"
"7835","0"
"7836","3"
"7837","0"
"7838","1"
"7839","3"
"7840","1"
"7841","3"
"7842","2"
"7843","0"
"7844","1"
"7845","4"
"7846","0"
"7847","3"
"7848","10"
"7849","8"
"7850","1"
"7851","3"
"7852","3"
"7853","2"
"7854","3"
"7855","3"
"7856","1"
"7857","8"
"7858","3"
"7859","3"
"7860","8"
"7861","3"
"7862","1"
"7863","1"
"7864","10"
"7865","2"
"7866","8"
"7867","2"
"7868","2"
"7869","1"
"7870","2"
"7871","8"
"7872","9"
"7873","1"
"7874","3"
"7875","1"
"7876","3"
"7877","0"
"7878","0"
"7879","9"
"7880","4"
"7881","1"
"7882","1"
"7883","0"
"7884","1"
"7885","4"
"7886","0"
"7887","0"
"7888","3"
"7889","1"
"7890","0"
"7891","0"
"7892","3"
"7893","1"
"7894","1"
"7895","3"
"7896","10"
"7897","0"
"7898","3"
"7899","1"
"7900","0"
"7901","0"
"7902","3"
"7903","1"
"7904","1"
"7905","0"
"7906","6"
"7907","1"
"7908","1"
"7909","5"
"7910","0"
"7911","3"
"7912","4"
"7913","8"
"7914","5"
"7915","8"
"7916","11"
"7917","1"
"7918","0"
"7919","3"
"7920","0"
"7921","0"
"7922","9"
"7923","4"
"7924","1"
"7925","1"
"7926","8"
"7927","10"
"7928","7"
"7929","3"
"7930","1"
"7931","12"
"7932","0"
"7933","2"
"7934","0"
"7935","2"
"7936","0"
"7937","0"
"7938","0"
"7939","2"
"7940","2"
"7941","0"
"7942","0"
"7943","3"
"7944","9"
"7945","5"
"7946","0"
"7947","0"
"7948","10"
"7949","3"
"7950","5"
"7951","3"
"7952","0"
"7953","0"
"7954","1"
"7955","4"
"7956","1"
"7957","2"
"7958","1"
"7959","8"
"7960","8"
"7961","10"
"7962","0"
"7963","1"
"7964","1"
"7965","4"
"7966","0"
"7967","0"
"7968","3"
"7969","3"
"7970","10"
"7971","2"
"7972","2"
"7973","1"
"7974","0"
"7975","3"
"7976","1"
"7977","3"
"7978","1"
"7979","0"
"7980","5"
"7981","1"
"7982","4"
"7983","2"
"7984","0"
"7985","0"
"7986","5"
"7987","8"
"7988","1"
"7989","8"
"7990","4"
"7991","13"
"7992","8"
"7993","3"
"7994","3"
"7995","2"
"7996","10"
"7997","3"
"7998","1"
"7999","1"
"8000","1"
"8001","0"
"8002","1"
"8003","2"
"8004","1"
"8005","1"
"8006","3"
"8007","2"
"8008","1"
"8009","3"
"8010","0"
"8011","1"
"8012","13"
"8013","3"
"8014","0"
"8015","0"
"8016","1"
"8017","0"
"8018","9"
"8019","8"
"8020","3"
"8021","4"
"8022","0"
"8023","2"
"8024","2"
"8025","0"
"8026","0"
"8027","2"
"8028","3"
"8029","0"
"8030","2"
"8031","6"
"8032","0"
"8033","1"
"8034","3"
"8035","4"
"8036","0"
"8037","0"
"8038","0"
"8039","3"
"8040","5"
"8041","1"
"8042","0"
"8043","0"
"8044","10"
"8045","4"
"8046","2"
"8047","0"
"8048","3"
"8049","3"
"8050","11"
"8051","5"
"8052","0"
"8053","11"
"8054","1"
"8055","7"
